ParticipantID,List_7,List_30,List_180,List_365,List_1825,List_5475,Indiff_Avg,k_7,k_30,k_180,k_365,k_1825,k_5475,k_avg,ln_k
DelayDiscountingTitrated-1084-1,199.0,999.0,981.0,999.0,996.0,877.0,841.8333333333334,0.5750179468772434,3.33667000333667e-05,0.00010759995469475592,2.7424684958931536e-06,2.200583154535952e-06,2.561659455491167e-05,0.09586491219636283,-2.3448152431214195
DelayDiscountingTitrated-1079-1,199.0,861.0,479.0,447.0,655.0,40.0,446.8333333333333,0.5750179468772434,0.0053813395276809915,0.006042681512410114,0.0033894149734914653,0.000288612360138032,0.004383561643835616,0.09908392614913325,-2.311788049095068
DelayDiscountingTitrated Backup1-3145-1,938.0,473.0,189.0,99.0,30.0,9.0,289.6666666666667,0.009442583003350593,0.037138830162085974,0.023838918283362726,0.024934274249342744,0.01771689497716895,0.020111618467782852,0.022197186523848972,-3.807789731295185
DelayDiscountingTitrated Backup1-3100-1,994.0,925.0,899.0,749.0,801.0,701.0,844.8333333333334,0.0008623167576889911,0.002702702702702703,0.0006241502904461748,0.0009181191360169724,0.0001361312058556941,7.790566639959875e-05,0.0008868876265183556,-7.027792273062259
DelayDiscountingTitrated Backup1-3058-1,999.0,999.0,915.0,199.0,83.0,99.0,549.0,0.000143000143000143,3.33667000333667e-05,0.0005160898603521555,0.011027741446960832,0.006053804258128404,0.001662284949956183,0.0032393812264051806,-5.732372946921381
DelayDiscountingTitrated-2113-1,199.0,99.0,13.0,401.0,9.0,4.0,120.83333333333333,0.5750179468772434,0.30336700336700334,0.4217948717948718,0.0040925084548901714,0.060334855403348556,0.04547945205479452,0.23501443965869195,-1.4481083213695307
DelayDiscountingTitrated-3156-1,899.0,375.0,199.0,201.0,99.0,51.0,304.0,0.01604957889718735,0.05555555555555555,0.02236180904522613,0.010890751720847816,0.0049868548498685486,0.0033986928104575162,0.018873873813190483,-3.969976651153439
DelayDiscountingTitrated-3113-1,913.0,749.0,889.0,375.0,675.0,75.0,612.6666666666666,0.01361289313096542,0.011170449488206497,0.000693663292088489,0.0045662100456621,0.00026382546930492134,0.0022526636225266364,0.005426617508125678,-5.216439265816082
DelayDiscountingTitrated Backup1-3098-1,998.0,992.0,998.0,387.0,699.0,249.0,720.5,0.000286286859433152,0.00026881720430107527,1.11333778668448e-05,0.004339669392233903,0.00023595351480588708,0.0005508793163521667,0.0009487899441655048,-6.960323128253469
DelayDiscountingTitrated Backup1-1012-1,943.0,743.0,435.0,445.0,289.0,341.0,532.6666666666666,0.008635055294652326,0.011529834006280843,0.0072158365261813535,0.003416961674619055,0.0013480589657297246,0.000352977409981387,0.005416453979574115,-5.2183139249547965
DelayDiscountingTitrated Backup1-3020-1,999.0,975.0,699.0,73.0,489.0,37.0,545.3333333333334,0.000143000143000143,0.0008547008547008547,0.0023923064695596883,0.034790767498592605,0.0005725971370143149,0.004753794890781192,0.007251194498941467,-4.926589065212055
DelayDiscountingTitrated-3033-1,996.0,969.0,983.0,875.0,239.0,375.0,739.5,0.0005737234652897303,0.001066391468868249,9.607776647451113e-05,0.0003913894324853229,0.0017447125580328997,0.00030441400304414006,0.0006961181156991421,-7.269991205564083
DelayDiscountingTitrated-3076-1,975.0,749.0,599.0,875.0,699.0,497.0,732.3333333333334,0.003663003663003663,0.011170449488206497,0.00371916156557225,0.0003913894324853229,0.00023595351480588708,0.00018485341271372527,0.0032274685127978912,-5.7360571912018665
DelayDiscountingTitrated-2076-1,751.0,245.0,49.0,951.0,16.0,201.0,368.8333333333333,0.04736541753852007,0.10272108843537416,0.10782312925170068,0.00014116359131699868,0.033698630136986304,0.0007260501147231878,0.04874591317810357,-3.0211339172964293
DelayDiscountingTitrated Backup1-2041-1,998.0,989.0,951.0,449.0,31.0,6.0,570.6666666666666,0.000286286859433152,0.0003707448601280755,0.000286248393503914,0.003362113677273698,0.01712770658418029,0.03025875190258752,0.008615308712851108,-4.754214575302885
DelayDiscountingTitrated Backup1-3041-1,999.0,974.0,937.0,599.0,219.0,99.0,637.8333333333334,0.000143000143000143,0.000889801505817933,0.0003735325506937033,0.0018341070734328904,0.001954087696253206,0.001662284949956183,0.0011428023198590098,-6.774271857631584
DelayDiscountingTitrated-2052-1,897.0,337.0,729.0,371.0,141.0,89.0,427.3333333333333,0.01640388596910336,0.0655786350148368,0.0020652339582380736,0.004644980245910719,0.003338191003594676,0.0018695808321789545,0.015650084503977094,-4.157278962395403
DelayDiscountingTitrated Backup1-3119-1,999.0,999.0,999.0,969.0,399.0,801.0,861.0,0.000143000143000143,3.33667000333667e-05,5.561116672227784e-06,8.764861387958211e-05,0.0008253510488550142,4.537706861856469e-05,0.00019005078184314975,-8.568219248656133
DelayDiscountingTitrated-1060-1,999.0,998.0,994.0,988.0,499.0,225.0,783.8333333333334,0.000143000143000143,6.68002672010688e-05,3.35345405767941e-05,3.3276024624258224e-05,0.0005501413786477064,0.0006291222729578894,0.00024264577116797666,-8.323907909967462
DelayDiscountingTitrated-2092-1,999.0,799.0,699.0,799.0,379.0,35.0,618.3333333333334,0.000143000143000143,0.008385481852315394,0.0023923064695596883,0.0006892176864916762,0.0008978205081866484,0.005035877364644488,0.002923950670699673,-5.834819607722661
DelayDiscountingTitrated-3092-1,999.0,937.0,481.0,975.0,97.0,47.0,589.3333333333334,0.000143000143000143,0.00224119530416222,0.005994455994455994,7.024938531787847e-05,0.00510097443863861,0.003703487807247644,0.002875560512137082,-5.8515076629918665
DelayDiscountingTitrated-1018-1,933.0,525.0,209.0,301.0,6.0,903.0,479.5,0.010258765885775532,0.03015873015873016,0.021026049973418396,0.006362353797842807,0.09077625570776256,1.9620038734406367e-05,0.026433629260377307,-3.633118243849766
DelayDiscountingTitrated Backup1-3081-1,987.0,687.0,473.0,399.0,287.0,175.0,501.3333333333333,0.001881603705311912,0.015186802523047065,0.00618980502701433,0.004126755244275071,0.0013612715383513913,0.0008610567514677103,0.004934549131577913,-5.311493971652786
DelayDiscountingTitrated-3137-1,998.0,999.0,799.0,799.0,499.0,99.0,698.8333333333334,0.000286286859433152,3.33667000333667e-05,0.0013975803087192323,0.0006892176864916762,0.0005501413786477064,0.001662284949956183,0.0007698129805468861,-7.169362955023894
DelayDiscountingTitrated-1105-1,974.0,499.0,513.0,475.0,277.0,501.0,539.8333333333334,0.0038134350249339984,0.03346693386773547,0.005273987437730128,0.0030281182408074983,0.0014301963305474506,0.00018191926648985135,0.007865765028040733,-4.84523547726706
DelayDiscountingTitrated-3028-1,799.0,699.0,519.0,375.0,14.0,9.0,402.5,0.03593777936706598,0.01435383881735813,0.005148790408906016,0.0045662100456621,0.03859099804305284,0.020111618467782852,0.01978487252497132,-3.9228376471793385
DelayDiscountingTitrated-2028-1,987.0,970.0,99.0,199.0,393.0,219.0,477.8333333333333,0.001881603705311912,0.0010309278350515464,0.050561167227833895,0.011027741446960832,0.0008463174038830214,0.0006513625654177353,0.01099985336407649,-4.50987333681112
DelayDiscountingTitrated-2090-1,980.0,975.0,893.0,775.0,701.0,693.0,836.1666666666666,0.0029154518950437317,0.0008547008547008547,0.0006656712703745179,0.0007954043305346885,0.00023371699919879624,8.091350557103982e-05,0.0009243098092372714,-6.986463251137856
DelayDiscountingTitrated-3090-1,975.0,994.0,966.0,887.0,249.0,95.0,694.3333333333334,0.003663003663003663,0.00020120724346076458,0.0001955371520588912,0.0003490293586199441,0.0016526379490565,0.0017399663542417689,0.0013002302867402553,-6.645213886556379
DelayDiscountingTitrated-1107-1,899.0,699.0,815.0,599.0,671.0,99.0,630.3333333333334,0.01604957889718735,0.01435383881735813,0.0012610770279481937,0.0018341070734328904,0.00026866463875222017,0.001662284949956183,0.005904925234105828,-5.131968490868374
DelayDiscountingTitrated Backup1-1009-1,6.0,125.0,1.0,63.0,1.0,2.0,33.0,23.666666666666668,0.23333333333333334,5.55,0.040747988693194175,0.5473972602739726,0.09114155251141552,5.021547800246431,1.6137382129230329
DelayDiscountingTitrated-2108-1,49.0,49.0,975.0,49.0,30.0,46.0,199.66666666666666,2.772594752186589,0.6469387755102041,0.00014245014245014244,0.05317305004193458,0.01771689497716895,0.003787969029184038,0.5823923153145885,-0.5406109770449067
DelayDiscountingTitrated-3108-1,994.0,978.0,919.0,899.0,807.0,751.0,891.3333333333334,0.0008623167576889911,0.0007498295841854124,0.0004896626768226333,0.00030780014323373,0.00013104513588294207,6.055852470678365e-05,0.0004335354704200821,-7.743536941745968
DelayDiscountingTitrated-3015-1,999.0,709.0,375.0,49.0,6.0,25.0,360.5,0.000143000143000143,0.013681241184767278,0.009259259259259259,0.05317305004193458,0.09077625570776256,0.007123287671232876,0.029026015667992785,-3.5395627591424494
DelayDiscountingTitrated-3050-1,679.0,709.0,499.0,937.0,199.0,599.0,603.6666666666666,0.06753629286766252,0.013681241184767278,0.005577822311289245,0.00018420783321881258,0.0022055482893921664,0.00012227380489552602,0.014884564381870927,-4.207430550520679
DelayDiscountingTitrated-2015-1,999.0,999.0,999.0,301.0,13.0,99.0,568.3333333333334,0.000143000143000143,3.33667000333667e-05,5.561116672227784e-06,0.006362353797842807,0.041601685985247626,0.001662284949956183,0.008301375448792059,-4.7913340611871496
DelayDiscountingTitrated-2050-1,998.0,269.0,451.0,231.0,97.0,63.0,351.5,0.000286286859433152,0.09058240396530359,0.006762749445676275,0.009120559805491313,0.00510097443863861,0.0027165325795462784,0.01909491784901487,-3.958333060538847
DelayDiscountingTitrated Backup1-3022-1,999.0,999.0,493.0,399.0,299.0,1.0,531.6666666666666,0.000143000143000143,3.33667000333667e-05,0.005713319810682894,0.004126755244275071,0.0012846474549869427,0.18246575342465754,0.032294473796272656,-3.4328591532897517
DelayDiscountingTitrated-2074-1,986.0,493.0,99.0,949.0,437.0,99.0,510.5,0.002028397565922921,0.03427991886409736,0.050561167227833895,0.0001472350130634987,0.0007059339832607128,0.001662284949956183,0.014897489600689097,-4.206562563400836
DelayDiscountingTitrated-2089-1,885.0,687.0,425.0,467.0,23.0,949.0,572.6666666666666,0.018563357546408393,0.015186802523047065,0.007516339869281046,0.0031269249948666805,0.02327575938058368,9.815667537566581e-06,0.011279833330287405,-4.484738808705126
DelayDiscountingTitrated-1003-1,793.0,821.0,297.0,205.0,101.0,7.0,370.6666666666667,0.03729057827418483,0.007267559886317499,0.013150018705574262,0.010624791179418643,0.004877254848772549,0.025909980430528376,0.016520030554132693,-4.103181661367245
DelayDiscountingTitrated-1086-1,35.0,999.0,999.0,999.0,999.0,999.0,838.3333333333334,3.938775510204082,3.33667000333667e-05,5.561116672227784e-06,2.7424684958931536e-06,5.484936991786307e-07,1.8283123305954356e-07,0.656469651969036,-0.42087881331611027
DelayDiscountingTitrated-2049-1,999.0,899.0,49.0,401.0,6.0,16.0,395.0,0.000143000143000143,0.0037449017426770485,0.10782312925170068,0.0040925084548901714,0.09077625570776256,0.011232876712328766,0.0363021120020599,-3.315879357528903
DelayDiscountingTitrated-2111-1,899.0,899.0,813.0,599.0,13.0,13.0,539.3333333333334,0.01604957889718735,0.0037449017426770485,0.0012778461117944513,0.0018341070734328904,0.041601685985247626,0.01386722866174921,0.01306255807868143,-4.338005303052145
DelayDiscountingTitrated-3154-1,988.0,994.0,994.0,687.0,399.0,693.0,792.5,0.001735106998264893,0.00020120724346076458,3.35345405767941e-05,0.0012482303443600328,0.0008253510488550142,8.091350557103982e-05,0.0006873906135147564,-7.282607848697407
DelayDiscountingTitrated-1123-1,999.0,799.0,747.0,493.0,471.0,37.0,591.0,0.000143000143000143,0.008385481852315394,0.001881600475977986,0.002817527577871016,0.0006154204112497455,0.004753794890781192,0.0030994708918659127,-5.7765238621017865
DelayDiscountingTitrated-1042-1,743.0,135.0,201.0,207.0,1.0,403.0,281.6666666666667,0.049413574312632186,0.21358024691358024,0.022084024322830294,0.01049566540930448,0.5473972602739726,0.00027057343893402224,0.14054022411187564,-1.9622615385710316
DelayDiscountingTitrated-1007-1,501.0,193.0,991.0,893.0,1.0,1.0,430.0,0.14228685486170517,0.1393782383419689,5.0454086781029264e-05,0.00032827624292441974,0.5473972602739726,0.18246575342465754,0.16865113953866828,-1.7799229606715221
DelayDiscountingTitrated-3070-1,998.0,947.0,899.0,797.0,899.0,937.0,912.8333333333334,0.000286286859433152,0.0018655403027103134,0.0006241502904461748,0.0006978223131262783,6.1560028646746e-05,1.2280522214587505e-05,0.0005912733860962087,-7.433232065289263
DelayDiscountingTitrated-2035-1,923.0,199.0,1.0,1.0,1.0,1.0,187.66666666666666,0.011917659804983749,0.13417085427135678,5.55,2.736986301369863,0.5473972602739726,0.18246575342465754,1.5271563048574726,0.42340738174289855
DelayDiscountingTitrated-2070-1,959.0,899.0,945.0,859.0,799.0,599.0,843.3333333333334,0.006107552510055117,0.0037449017426770485,0.0003233392122281011,0.00044971055862981805,0.00013784353729833526,0.00012227380489552602,0.0018142702276306574,-6.312071970560942
DelayDiscountingTitrated Backup1-1051-1,999.0,998.0,399.0,483.0,99.0,339.0,552.8333333333334,0.000143000143000143,6.68002672010688e-05,0.008368142578668894,0.002932584588332057,0.0049868548498685486,0.00035613744426933906,0.002808919978556675,-5.874955218785681
DelayDiscountingTitrated Backup1-2026-1,999.0,999.0,999.0,999.0,999.0,99.0,849.0,0.000143000143000143,3.33667000333667e-05,5.561116672227784e-06,2.7424684958931536e-06,5.484936991786307e-07,0.001662284949956183,0.00030791731197616533,-8.085679278644433
DelayDiscountingTitrated Backup1-3026-1,937.0,901.0,911.0,951.0,701.0,49.0,741.6666666666666,0.0096051227321238,0.003662597114317425,0.0005427491157458227,0.00014116359131699868,0.00023371699919879624,0.0035448700027956386,0.0029550365925830806,-5.824244244923902
DelayDiscountingTitrated-1127-1,209.0,693.0,355.0,323.0,881.0,575.0,506.0,0.5406698564593302,0.014766714766714767,0.010093896713615023,0.005742397896433267,7.401303002503382e-05,0.00013500099265435775,0.09524697997646213,-2.3512819717618436
DelayDiscountingTitrated-2115-1,925.0,725.0,399.0,49.0,99.0,6.0,367.1666666666667,0.011583011583011582,0.01264367816091954,0.008368142578668894,0.05317305004193458,0.0049868548498685486,0.03025875190258752,0.020168914852831777,-3.9036127285212103
DelayDiscountingTitrated-3150-1,923.0,125.0,147.0,99.0,1.0,1.0,216.0,0.011917659804983749,0.23333333333333334,0.032237339380196524,0.024934274249342744,0.5473972602739726,0.18246575342465754,0.17204760341108108,-1.7599840764428665
DelayDiscountingTitrated-1082-1,799.0,601.0,1.0,1.0,1.0,1.0,234.0,0.03593777936706598,0.022129783693843594,5.55,2.736986301369863,0.5473972602739726,0.18246575342465754,1.5124861463549006,0.41375475144613516
DelayDiscountingTitrated Backup1-3087-1,999.0,999.0,901.0,994.0,299.0,63.0,709.1666666666666,0.000143000143000143,3.33667000333667e-05,0.0006104328523862375,1.6537581654309418e-05,0.0012846474549869427,0.0027165325795462784,0.0008007528852678796,-7.129958166274655
DelayDiscountingTitrated-3131-1,985.0,950.0,601.0,499.0,199.0,185.0,569.8333333333334,0.002175489485134155,0.0017543859649122807,0.0036882972823072658,0.0027507068932385316,0.0022055482893921664,0.0008046402566950512,0.0022298446952799087,-6.10582333930756
DelayDiscountingTitrated Backup1-1048-1,974.0,677.0,637.0,937.0,455.0,369.0,674.8333333333334,0.0038134350249339984,0.015903495814869523,0.003165881737310309,0.00018420783321881258,0.0006563299713984646,0.0003123337169444754,0.004005947349779264,-5.519975184665801
DelayDiscountingTitrated-1103-1,49.0,275.0,237.0,49.0,1.0,1.0,102.0,2.772594752186589,0.08787878787878788,0.017885607126113454,0.05317305004193458,0.5473972602739726,0.18246575342465754,0.6102325351553425,-0.4939151892823194
DelayDiscountingTitrated-2094-1,999.0,999.0,499.0,999.0,399.0,151.0,674.3333333333334,0.000143000143000143,3.33667000333667e-05,0.005577822311289245,2.7424684958931536e-06,0.0008253510488550142,0.001026943663249569,0.0012682043891538719,-6.670153245772403
DelayDiscountingTitrated-3011-1,937.0,945.0,483.0,799.0,345.0,801.0,718.3333333333334,0.0096051227321238,0.0019400352733686067,0.005946629859673338,0.0006892176864916762,0.0010403017669247568,4.537706861856469e-05,0.0032111140645334573,-5.741137341449489
DelayDiscountingTitrated-3054-1,999.0,999.0,999.0,699.0,799.0,425.0,820.0,0.000143000143000143,3.33667000333667e-05,5.561116672227784e-06,0.0011797675740294355,0.00013784353729833526,0.00024711254364759603,0.0002911086024468507,-8.141814156131469
DelayDiscountingTitrated-2054-1,944.0,711.0,787.0,399.0,199.0,30.0,511.6666666666667,0.00847457627118644,0.013548992030004689,0.0015036001694197375,0.004126755244275071,0.0022055482893921664,0.005905631659056316,0.005960850610555737,-5.122542088196491
DelayDiscountingTitrated-1066-1,990.0,949.0,341.0,863.0,201.0,14.0,559.6666666666666,0.001443001443001443,0.001791359325605901,0.010736396220267189,0.00043492753853235764,0.0021781503441695633,0.012863666014350945,0.004907916814321233,-5.316905701274412
DelayDiscountingTitrated-1023-1,999.0,699.0,251.0,1.0,1.0,1.0,325.3333333333333,0.000143000143000143,0.01435383881735813,0.016578131916777334,2.736986301369863,0.5473972602739726,0.18246575342465754,0.5829873809909382,-0.5395897378214093
DelayDiscountingTitrated-3149-1,799.0,625.0,449.0,399.0,375.0,411.0,509.6666666666667,0.03593777936706598,0.02,0.006817619401138332,0.004126755244275071,0.0009132420091324201,0.000261751602617516,0.011342857937371553,-4.479166989739012
DelayDiscountingTitrated-1064-1,855.0,801.0,47.0,13.0,401.0,405.0,420.3333333333333,0.02422723475355054,0.008281315022888057,0.11264775413711584,0.20800842992623814,0.0008185016909780344,0.00026833530638705676,0.059041928472859606,-2.8295074353876735
DelayDiscountingTitrated-1099-1,871.0,967.0,547.0,171.0,533.0,673.0,627.0,0.02115794653108086,0.001137538779731127,0.004600853138330287,0.013282063606504847,0.0004800945796602329,8.87459545278756e-05,0.006791207098305871,-4.992126577319913
DelayDiscountingTitrated-2013-1,999.0,999.0,999.0,999.0,999.0,925.0,986.6666666666666,0.000143000143000143,3.33667000333667e-05,5.561116672227784e-06,2.7424684958931536e-06,5.484936991786307e-07,1.4809329877823029e-05,3.333804196310538e-05,-10.308811411727229
DelayDiscountingTitrated-2056-1,975.0,699.0,805.0,499.0,99.0,49.0,521.0,0.003663003663003663,0.01435383881735813,0.0013457556935817805,0.0027507068932385316,0.0049868548498685486,0.0035448700027956386,0.005107504986641048,-5.277044254936008
DelayDiscountingTitrated Backup1-3045-1,999.0,999.0,799.0,851.0,399.0,13.0,676.6666666666666,0.000143000143000143,3.33667000333667e-05,0.0013975803087192323,0.0004796935112599198,0.0008253510488550142,0.01386722866174921,0.0027910367289361478,-5.881342164738064
DelayDiscountingTitrated Backup1-3085-1,999.0,999.0,599.0,875.0,499.0,97.0,678.0,0.000143000143000143,3.33667000333667e-05,0.00371916156557225,0.0003913894324853229,0.0005501413786477064,0.0017003248128795367,0.0010895640054363876,-6.821977657772917
DelayDiscountingTitrated-3133-1,999.0,989.0,399.0,901.0,62.0,75.0,570.8333333333334,0.000143000143000143,0.0003707448601280755,0.008368142578668894,0.00030103537925896647,0.00828988068935042,0.0022526636225266364,0.003287577878822189,-5.7176041923832726
DelayDiscountingTitrated-2096-1,999.0,998.0,993.0,996.0,599.0,139.0,787.3333333333334,0.000143000143000143,6.68002672010688e-05,3.916303009958599e-05,1.100291577267976e-05,0.0003668214146865781,0.0011313688775007392,0.00029302610804346577,-8.135248846966512
DelayDiscountingTitrated-3152-1,599.0,599.0,599.0,497.0,369.0,9.0,445.3333333333333,0.095635583114715,0.0223149693934335,0.00371916156557225,0.002772801190705879,0.0009370011508334262,0.020111618467782852,0.024248522480507146,-3.71939959209375
DelayDiscountingTitrated-3117-1,999.0,899.0,419.0,449.0,49.0,65.0,480.0,0.000143000143000143,0.0037449017426770485,0.0077035269159374175,0.003362113677273698,0.010634610008386917,0.0026273270108886546,0.004702579916360646,-5.3596440024921
DelayDiscountingTitrated-1125-1,999.0,998.0,799.0,999.0,399.0,99.0,715.5,0.000143000143000143,6.68002672010688e-05,0.0013975803087192323,2.7424684958931536e-06,0.0008253510488550142,0.001662284949956183,0.0006829598643712558,-7.28907446385183
DelayDiscountingTitrated Backup1-3019-1,901.0,849.0,399.0,353.0,137.0,119.0,459.6666666666667,0.015696844775646108,0.005928543384373773,0.008368142578668894,0.005021537506306027,0.0034516548345165485,0.0013522121177238018,0.006636489199539192,-5.015172190332598
DelayDiscountingTitrated Backup1-3141-1,999.0,989.0,901.0,974.0,801.0,499.0,860.5,0.000143000143000143,0.0003707448601280755,0.0006104328523862375,7.313437034119996e-05,0.0001361312058556941,0.00018338045954923547,0.00025280398187676426,-8.282896144720823
DelayDiscountingTitrated Backup1-3104-1,949.0,801.0,499.0,79.0,49.0,49.0,404.3333333333333,0.007677254252596718,0.008281315022888057,0.005577822311289245,0.03194035026877059,0.010634610008386917,0.0035448700027956386,0.01127603697778786,-4.485075426400081
DelayDiscountingTitrated-1080-1,999.0,499.0,499.0,963.0,875.0,85.0,653.3333333333334,0.000143000143000143,0.03346693386773547,0.005577822311289245,0.00010526465525825403,7.827788649706458e-05,0.001966156325543916,0.006889575864887349,-4.977745753922848
DelayDiscountingTitrated-3037-1,901.0,889.0,849.0,899.0,155.0,801.0,749.0,0.015696844775646108,0.004161979752530934,0.0009880905640622954,0.00030780014323373,0.0029871851524524966,4.537706861856469e-05,0.004031212909424021,-5.513687978225552
DelayDiscountingTitrated-3072-1,999.0,994.0,701.0,901.0,493.0,751.0,806.5,0.000143000143000143,0.00020120724346076458,0.0023696306863211286,0.00030103537925896647,0.0005635055155742032,6.055852470678365e-05,0.0006064895820536649,-7.407823006885712
DelayDiscountingTitrated-2072-1,937.0,999.0,589.0,493.0,313.0,399.0,621.6666666666666,0.0096051227321238,3.33667000333667e-05,0.003876627051499717,0.002817527577871016,0.0012026784541993086,0.0002751170162850048,0.002968406588668702,-5.819729972268043
DelayDiscountingTitrated-1005-1,999.0,781.0,999.0,947.0,44.0,1.0,628.5,0.000143000143000143,0.009346991037131882,5.561116672227784e-06,0.00015333207967482026,0.011905354919053548,0.18246575342465754,0.0340033321200317,-3.381296755637664
DelayDiscountingTitrated Backup1-3139-1,769.0,775.0,499.0,599.0,99.0,499.0,540.0,0.04291287386215865,0.00967741935483871,0.005577822311289245,0.0018341070734328904,0.0049868548498685486,0.00018338045954923547,0.01086207631852288,-4.522477793199831
DelayDiscountingTitrated-1118-1,999.0,998.0,998.0,998.0,99.0,123.0,702.5,0.000143000143000143,6.68002672010688e-05,1.11333778668448e-05,5.490432920635792e-06,0.0049868548498685486,0.0013022979544863942,0.001085929504223939,-6.825318972814974
DelayDiscountingTitrated Backup1-2024-1,299.0,645.0,299.0,199.0,99.0,49.0,265.0,0.3349259436215958,0.01834625322997416,0.013024897807506503,0.011027741446960832,0.0049868548498685486,0.0035448700027956386,0.06430942682645024,-2.7440490515410723
DelayDiscountingTitrated Backup1-3061-1,499.0,975.0,1.0,99.0,1.0,1.0,262.6666666666667,0.14342971657600917,0.0008547008547008547,5.55,0.024934274249342744,0.5473972602739726,0.18246575342465754,1.074846950896447,0.0721782801847574
DelayDiscountingTitrated Backup1-1016-1,994.0,973.0,837.0,721.0,737.0,127.0,731.5,0.0008623167576889911,0.0009249743062692703,0.0010819062790388956,0.001060171375372865,0.00019553539897027936,0.0012555279905080358,0.0008967386846413897,-7.0167460598178435
DelayDiscountingTitrated-1063-1,875.0,653.0,327.0,201.0,57.0,51.0,360.6666666666667,0.02040816326530612,0.017713118938233793,0.01143391097519538,0.010890751720847816,0.009065128574861811,0.0033986928104575162,0.012151627714150405,-4.4102921499256915
DelayDiscountingTitrated-2051-1,999.0,199.0,125.0,2.0,93.0,1.0,236.5,0.000143000143000143,0.13417085427135678,0.03888888888888889,1.367123287671233,0.005343938724407129,0.18246575342465754,0.28802262052059063,-1.2447162584562952
DelayDiscountingTitrated-2014-1,999.0,999.0,999.0,999.0,968.0,899.0,977.1666666666666,0.000143000143000143,3.33667000333667e-05,5.561116672227784e-06,2.7424684958931536e-06,1.811389109022982e-05,2.0520009548915336e-05,3.7217388140129296e-05,-10.198734482771576
DelayDiscountingTitrated-2109-1,799.0,199.0,199.0,925.0,799.0,30.0,491.8333333333333,0.03593777936706598,0.13417085427135678,0.02236180904522613,0.00022213994816734541,0.00013784353729833526,0.005905631659056316,0.03312267630469515,-3.4075371464285493
DelayDiscountingTitrated Backup1-2042-1,999.0,999.0,994.0,899.0,699.0,499.0,848.1666666666666,0.000143000143000143,3.33667000333667e-05,3.35345405767941e-05,0.00030780014323373,0.00023595351480588708,0.00018338045954923547,0.00015617258353319274,-8.764548857518863
DelayDiscountingTitrated-1106-1,945.0,897.0,919.0,715.0,849.0,119.0,740.6666666666666,0.008314436885865457,0.003827573392790784,0.0004896626768226333,0.0010920586263052016,9.7455507688336e-05,0.0013522121177238018,0.002528899867866036,-5.97997090564635
DelayDiscountingTitrated-3134-1,813.0,875.0,599.0,399.0,299.0,51.0,506.0,0.03285890001757161,0.004761904761904762,0.00371916156557225,0.004126755244275071,0.0012846474549869427,0.0033986928104575162,0.008358343642461357,-4.784495000407831
DelayDiscountingTitrated-2091-1,974.0,467.0,325.0,101.0,85.0,51.0,333.8333333333333,0.0038134350249339984,0.03804425410421128,0.011538461538461539,0.024386274243862742,0.005898468976631748,0.0033986928104575162,0.014513264449759804,-4.23269225808204
DelayDiscountingTitrated Backup1-3127-1,988.0,893.0,976.0,699.0,399.0,437.0,732.0,0.001735106998264893,0.003994027622247107,0.0001366120218579235,0.0011797675740294355,0.0008253510488550142,0.00023531132775357093,0.0013510294321679907,-6.6068884347728405
DelayDiscountingTitrated-3091-1,975.0,499.0,499.0,327.0,339.0,249.0,481.3333333333333,0.003663003663003663,0.03346693386773547,0.005577822311289245,0.005638641028863475,0.0010684123328080172,0.0005508793163521667,0.008327615420008672,-4.788178127889377
DelayDiscountingTitrated-3155-1,989.0,479.0,749.0,387.0,25.0,99.0,454.6666666666667,0.0015889065434060378,0.03625608907446068,0.0018617415813677496,0.004339669392233903,0.021369863013698632,0.001662284949956183,0.01117975909252053,-4.493650359562434
DelayDiscountingTitrated-1122-1,57.0,281.0,253.0,467.0,40.0,73.0,195.16666666666666,2.363408521303258,0.08529062870699881,0.016403162055335967,0.0031269249948666805,0.01315068493150685,0.0023193844999061736,0.41394988441531216,-0.8820103646211511
DelayDiscountingTitrated Backup1-3103-1,999.0,845.0,749.0,499.0,99.0,249.0,573.3333333333334,0.000143000143000143,0.00611439842209073,0.0018617415813677496,0.0027507068932385316,0.0049868548498685486,0.0005508793163521667,0.0027345968676529783,-5.901771251539748
DelayDiscountingTitrated-1087-1,99.0,523.0,60.0,185.0,125.0,1.0,165.5,1.3001443001443,0.03040152963671128,0.08703703703703704,0.012069603850425768,0.0038356164383561643,0.18246575342465754,0.2693256400885813,-1.3118340735646556
DelayDiscountingTitrated-3048-1,999.0,999.0,987.0,849.0,889.0,851.0,929.0,0.000143000143000143,3.33667000333667e-05,7.317347742879658e-05,0.00048727753844167996,6.841610552105644e-05,3.197956741732799e-05,0.00013953558864039512,-8.877190873537574
DelayDiscountingTitrated-2075-1,749.0,871.0,249.0,199.0,249.0,1.0,386.3333333333333,0.047873354949456416,0.0049368541905855335,0.01675591253904507,0.011027741446960832,0.0016526379490565,0.18246575342465754,0.04411870908329365,-3.1208713442430804
DelayDiscountingTitrated-2030-1,996.0,991.0,837.0,201.0,21.0,6.0,508.6666666666667,0.0005737234652897303,0.0003027245206861756,0.0010819062790388956,0.010890751720847816,0.025544683626875408,0.03025875190258752,0.011442090252554257,-4.4704565953366115
DelayDiscountingTitrated-2088-1,990.0,781.0,199.0,981.0,399.0,201.0,591.8333333333334,0.001443001443001443,0.009346991037131882,0.02236180904522613,5.306299135631799e-05,0.0008253510488550142,0.0007260501147231878,0.005792710946715663,-5.151154885106218
DelayDiscountingTitrated-3088-1,999.0,999.0,999.0,975.0,949.0,975.0,982.6666666666666,0.000143000143000143,3.33667000333667e-05,5.561116672227784e-06,7.024938531787847e-05,2.944700261269974e-05,4.683292354525231e-06,4.771793999847349e-05,-9.950203130181151
DelayDiscountingTitrated-1002-1,729.0,597.0,499.0,445.0,307.0,97.0,445.6666666666667,0.05310601606897903,0.02250139586823004,0.005577822311289245,0.003416961674619055,0.0012368925973852125,0.0017003248128795367,0.014589902222230352,-4.227425618167613
DelayDiscountingTitrated Backup1-3066-1,999.0,769.0,523.0,801.0,199.0,301.0,598.6666666666666,0.000143000143000143,0.010013003901170351,0.005066921606118547,0.0006806560292784704,0.0022055482893921664,0.0004241569198561871,0.0030888811481359774,-5.779946341624049
DelayDiscountingTitrated Backup1-3099-1,799.0,103.0,163.0,199.0,99.0,49.0,235.33333333333334,0.03593777936706598,0.2902912621359223,0.02852760736196319,0.011027741446960832,0.0049868548498685486,0.0035448700027956386,0.06238601919409609,-2.7744140800866797
DelayDiscountingTitrated-2112-1,799.0,799.0,719.0,199.0,93.0,30.0,439.8333333333333,0.03593777936706598,0.008385481852315394,0.002171225467470252,0.011027741446960832,0.005343938724407129,0.005905631659056316,0.011461966419545984,-4.468720992577177
DelayDiscountingTitrated-3157-1,549.0,401.0,199.0,599.0,123.0,97.0,328.0,0.11735623211033047,0.049792186201163754,0.02236180904522613,0.0018341070734328904,0.0039068938634591825,0.0017003248128795367,0.032825258851082,-3.4165569730336007
DelayDiscountingTitrated-1085-1,955.0,871.0,1.0,1.0,48.0,1.0,312.8333333333333,0.006731488406881077,0.0049368541905855335,5.55,2.736986301369863,0.010867579908675798,0.18246575342465754,1.4153313295501102,0.3473636588442489
DelayDiscountingTitrated-1078-1,825.0,943.0,987.0,587.0,185.0,891.0,736.3333333333334,0.030303030303030304,0.002014846235418876,7.317347742879658e-05,0.0019276096240461132,0.0024139207700851536,2.234419281603452e-05,0.006125820767137546,-5.095242528730952
DelayDiscountingTitrated Backup1-3080-1,775.0,239.0,213.0,25.0,56.0,13.0,220.16666666666666,0.041474654377880185,0.10613668061366806,0.020526864893062075,0.10684931506849316,0.00923679060665362,0.01386722866174921,0.04968192237025105,-3.0021141470521857
DelayDiscountingTitrated-3136-1,999.0,925.0,199.0,199.0,99.0,125.0,424.3333333333333,0.000143000143000143,0.002702702702702703,0.02236180904522613,0.011027741446960832,0.0049868548498685486,0.0012785388127853881,0.007083441166757291,-4.949995448853492
DelayDiscountingTitrated Backup1-2038-1,499.0,499.0,391.0,109.0,1.0,1.0,250.0,0.14342971657600917,0.03346693386773547,0.00865302642796249,0.022395375141384944,0.5473972602739726,0.18246575342465754,0.15630134428528705,-1.85596944091807
DelayDiscountingTitrated-1104-1,999.0,799.0,1.0,1.0,1.0,1.0,300.3333333333333,0.000143000143000143,0.008385481852315394,5.55,2.736986301369863,0.5473972602739726,0.18246575342465754,1.5042296328439682,0.4082808952852404
DelayDiscountingTitrated-2093-1,149.0,1.0,1.0,1.0,1.0,1.0,25.666666666666668,0.8159156279961649,33.3,5.55,2.736986301369863,0.5473972602739726,0.18246575342465754,7.188794157177441,1.9725234465659902
DelayDiscountingTitrated-3016-1,499.0,375.0,399.0,125.0,125.0,125.0,274.6666666666667,0.14342971657600917,0.05555555555555555,0.008368142578668894,0.019178082191780823,0.0038356164383561643,0.0012785388127853881,0.038607608692192666,-3.254305905558184
DelayDiscountingTitrated-2053-1,25.0,951.0,595.0,199.0,445.0,43.0,376.3333333333333,5.571428571428571,0.001717490361023484,0.003781512605042017,0.011027741446960832,0.000683392334923811,0.004064988849952214,0.9321172828377456,-0.07029663225906606
DelayDiscountingTitrated-1024-1,999.0,999.0,299.0,199.0,999.0,973.0,744.6666666666666,0.000143000143000143,3.33667000333667e-05,0.013024897807506503,0.011027741446960832,5.484936991786307e-07,5.068352363119289e-06,0.00403910382392719,-5.511732437376648
DelayDiscountingTitrated-1061-1,715.0,971.0,625.0,725.0,771.0,243.0,675.0,0.056943056943056944,0.0009955372468245796,0.0033333333333333335,0.0010392064241851677,0.00016274896505161416,0.0005689911118627506,0.010507145670719064,-4.5556997132125625
DelayDiscountingTitrated-2097-1,949.0,749.0,429.0,473.0,377.0,249.0,537.6666666666666,0.007677254252596718,0.011170449488206497,0.007394457394457395,0.003052506588664601,0.0009054903528214818,0.0005508793163521667,0.00512517289884981,-5.273591018165785
DelayDiscountingTitrated-1058-1,941.0,439.0,645.0,227.0,107.0,35.0,399.0,0.008957036587217247,0.04259681093394078,0.00305770887166236,0.009329551626335164,0.004573038023300473,0.005035877364644488,0.012258337234516753,-4.4015489829153385
DelayDiscountingTitrated-1100-1,999.0,994.0,999.0,937.0,801.0,189.0,819.8333333333334,0.000143000143000143,0.00020120724346076458,5.561116672227784e-06,0.00018420783321881258,0.0001361312058556941,0.0007837452586311034,0.0002423088001397909,-8.325297611611097
DelayDiscountingTitrated Backup1-3084-1,957.0,865.0,699.0,913.0,555.0,199.0,698.0,0.006418868487834005,0.005202312138728324,0.0023923064695596883,0.0002610691833335834,0.0004393434530420832,0.0007351827631307222,0.002574847082604734,-5.96196513202604
DelayDiscountingTitrated Backup1-3044-1,998.0,969.0,948.0,947.0,787.0,163.0,802.0,0.000286286859433152,0.001066391468868249,0.00030473511486169713,0.00015333207967482026,0.00014830029068249465,0.000937893940667283,0.00048282329236461603,-7.635859825570285
DelayDiscountingTitrated-1020-1,999.0,999.0,999.0,999.0,999.0,999.0,999.0,0.000143000143000143,3.33667000333667e-05,5.561116672227784e-06,2.7424684958931536e-06,5.484936991786307e-07,1.8283123305954356e-07,3.090029218897813e-05,-10.384744918151297
DelayDiscountingTitrated-1065-1,999.0,499.0,735.0,371.0,871.0,691.0,694.3333333333334,0.000143000143000143,0.03346693386773547,0.00200302343159486,0.004644980245910719,8.115376751647453e-05,8.167634756061298e-05,0.006736794633886381,-5.000171040786277
DelayDiscountingTitrated-1098-1,975.0,499.0,399.0,193.0,301.0,6.0,395.5,0.003663003663003663,0.03346693386773547,0.008368142578668894,0.01145574561714813,0.0012724707595685614,0.03025875190258752,0.014747508064785373,-4.216681155229396
DelayDiscountingTitrated-3057-1,987.0,749.0,389.0,119.0,25.0,27.0,382.6666666666667,0.001881603705311912,0.011170449488206497,0.008726078263353327,0.020283181765857028,0.021369863013698632,0.006582107221376628,0.011668880576300672,-4.450829760480769
DelayDiscountingTitrated-2057-1,999.0,987.0,925.0,399.0,199.0,62.0,595.1666666666666,0.000143000143000143,0.00043904086457277944,0.00045045045045045046,0.004126755244275071,0.0022055482893921664,0.0027632935631168067,0.0016880147591345693,-6.384202139283463
DelayDiscountingTitrated-2012-1,994.0,990.0,987.0,799.0,699.0,359.0,804.6666666666666,0.0008623167576889911,0.0003367003367003367,7.317347742879658e-05,0.0006892176864916762,0.00023595351480588708,0.0003261215196957556,0.0004205805488019072,-7.773874542075322
DelayDiscountingTitrated Backup1-3060-1,970.0,901.0,89.0,197.0,24.0,19.0,366.6666666666667,0.004418262150220913,0.003662597114317425,0.05686641697877653,0.01116751269035533,0.02228310502283105,0.00943042537851478,0.017971386555836005,-4.0189744216843994
DelayDiscountingTitrated Backup1-3025-1,975.0,699.0,499.0,593.0,219.0,49.0,505.6666666666667,0.003663003663003663,0.01435383881735813,0.005577822311289245,0.0018803853172861466,0.001954087696253206,0.0035448700027956386,0.005162334634664338,-5.266366353234301
DelayDiscountingTitrated-3073-1,987.0,799.0,99.0,51.0,19.0,16.0,328.5,0.001881603705311912,0.008385481852315394,0.050561167227833895,0.050980392156862744,0.02829127613554434,0.011232876712328766,0.02522213296503284,-3.6800333776745124
DelayDiscountingTitrated-2073-1,799.0,515.0,129.0,123.0,75.0,1.0,273.6666666666667,0.03593777936706598,0.0313915857605178,0.037510766580534025,0.019534469317295914,0.006757990867579908,0.18246575342465754,0.052266390886275195,-2.951401736158411
DelayDiscountingTitrated-2036-1,899.0,749.0,399.0,169.0,601.0,77.0,482.3333333333333,0.01604957889718735,0.011170449488206497,0.008368142578668894,0.013471670584420848,0.00036377726620016865,0.0021894087647512306,0.008602171263239165,-4.755740635118816
DelayDiscountingTitrated Backup1-3140-1,999.0,998.0,937.0,975.0,889.0,619.0,902.8333333333334,0.000143000143000143,6.68002672010688e-05,0.0003735325506937033,7.024938531787847e-05,6.841610552105644e-05,0.00011242171420983911,0.00013907002765728153,-8.880532955600678
DelayDiscountingTitrated-1081-1,619.0,637.0,613.0,25.0,763.0,439.0,516.0,0.0879298407569813,0.018995290423861853,0.0035073409461663946,0.10684931506849316,0.0001702005422000395,0.00023340718319967546,0.03628089915348374,-3.316463870318946
DelayDiscountingTitrated-2116-1,999.0,437.0,29.0,1.0,1.0,1.0,244.66666666666666,0.000143000143000143,0.042944317315026695,0.18601532567049808,2.736986301369863,0.5473972602739726,0.18246575342465754,0.6159919930328364,-0.4845213138564138
DelayDiscountingTitrated-3153-1,976.0,943.0,375.0,99.0,501.0,193.0,514.5,0.00351288056206089,0.002014846235418876,0.009259259259259259,0.024934274249342744,0.000545757799469554,0.000763716374476542,0.006838455746671311,-4.985193340867626
DelayDiscountingTitrated-1124-1,895.0,193.0,333.0,825.0,267.0,6.0,419.8333333333333,0.01675977653631285,0.1393782383419689,0.011127794461127794,0.00058115400581154,0.0015042840285259863,0.03025875190258752,0.033268333212722434,-3.4031492890127972
DelayDiscountingTitrated-3151-1,999.0,925.0,927.0,845.0,425.0,179.0,716.6666666666666,0.000143000143000143,0.002702702702702703,0.0004374925086899197,0.0005025532949663613,0.000741337630942788,0.0008377337312823653,0.0008941366685973801,-7.019651921323238
DelayDiscountingTitrated Backup1-1015-1,921.0,585.0,499.0,489.0,245.0,199.0,489.6666666666667,0.012253761439429191,0.02364672364672365,0.005577822311289245,0.0028629856850715747,0.0016885658372938217,0.0007351827631307222,0.007794173613823033,-4.854378796996412
DelayDiscountingTitrated-1043-1,731.0,919.0,1.0,1.0,1.0,1.0,275.6666666666667,0.05256986515536447,0.0029379760609358,5.55,2.736986301369863,0.5473972602739726,0.18246575342465754,1.5120595260474659,0.4134726460614112
DelayDiscountingTitrated-3071-1,929.0,972.0,499.0,799.0,449.0,155.0,633.8333333333334,0.010918037828694448,0.0009602194787379973,0.005577822311289245,0.0006892176864916762,0.0006724227354547396,0.0009957283841508322,0.0033022414041364904,-5.7131538276960185
DelayDiscountingTitrated-2071-1,22.0,815.0,75.0,87.0,801.0,13.0,302.1666666666667,6.35064935064935,0.0075664621676891615,0.06851851851851852,0.02875137773578964,0.0001361312058556941,0.01386722866174921,1.078248178156492,0.07533766691442477
DelayDiscountingTitrated Backup1-3046-1,998.0,994.0,994.0,949.0,499.0,411.0,807.5,0.000286286859433152,0.00020120724346076458,3.35345405767941e-05,0.0001472350130634987,0.0005501413786477064,0.000261751602617516,0.00024669277296657195,-8.307366829683472
DelayDiscountingTitrated-3148-1,998.0,946.0,889.0,601.0,497.0,301.0,705.3333333333334,0.000286286859433152,0.0019027484143763213,0.000693663292088489,0.0018188863310008433,0.0005545602381411758,0.0004241569198561871,0.0009467170091493614,-6.962510338212165
DelayDiscountingTitrated-2055-1,998.0,171.0,133.0,171.0,75.0,95.0,273.8333333333333,0.000286286859433152,0.16159844054580896,0.03621553884711779,0.013282063606504847,0.006757990867579908,0.0017399663542417689,0.03664671451344774,-3.306431499594215
DelayDiscountingTitrated-1067-1,999.0,998.0,994.0,998.0,975.0,994.0,993.0,0.000143000143000143,6.68002672010688e-05,3.35345405767941e-05,5.490432920635792e-06,1.4049877063575694e-05,1.1025054436206278e-06,4.399629436763967e-05,-10.031405146509906
DelayDiscountingTitrated-2095-1,949.0,899.0,799.0,487.0,153.0,16.0,550.5,0.007677254252596718,0.0037449017426770485,0.0013975803087192323,0.00288599476807966,0.0030333960068045485,0.011232876712328766,0.004995333965200996,-5.299251009216545
DelayDiscountingTitrated Backup1-3123-1,999.0,925.0,437.0,443.0,331.0,43.0,529.6666666666666,0.000143000143000143,0.002702702702702703,0.007157386219171116,0.003444757104424998,0.0011074783760294665,0.004064988849952214,0.003103385565880107,-5.775261645392244
DelayDiscountingTitrated-3068-1,998.0,996.0,749.0,996.0,999.0,199.0,822.8333333333334,0.000286286859433152,0.00013386880856760375,0.0018617415813677496,1.100291577267976e-05,5.484936991786307e-07,0.0007351827631307222,0.0005047719036618477,-7.59140390664234
DelayDiscountingTitrated-2068-1,651.0,191.0,609.0,469.0,285.0,365.0,428.3333333333333,0.07658547289883695,0.1411867364746946,0.0035668673599708084,0.003101907293279201,0.0013746695505888007,0.00031775817852004756,0.03768890195931506,-3.278389605602804
DelayDiscountingTitrated Backup1-3086-1,998.0,799.0,499.0,751.0,99.0,49.0,532.5,0.000286286859433152,0.008385481852315394,0.005577822311289245,0.0009083778706017548,0.0049868548498685486,0.0035448700027956386,0.003948282291050621,-5.534474657674612
DelayDiscountingTitrated-3130-1,999.0,943.0,825.0,749.0,149.0,13.0,613.0,0.000143000143000143,0.002014846235418876,0.0011784511784511784,0.0009181191360169724,0.0031295393950537833,0.01386722866174921,0.0035418641249483607,-5.643102101467307
DelayDiscountingTitrated-1102-1,323.0,945.0,521.0,281.0,565.0,99.0,455.6666666666667,0.2994250331711632,0.0019400352733686067,0.005107698869695031,0.007010188660849218,0.00042186931749302943,0.001662284949956183,0.05259451837375422,-2.945143378095795
DelayDiscountingTitrated-2099-1,975.0,87.0,998.0,13.0,97.0,663.0,472.1666666666667,0.003663003663003663,0.34980842911877397,1.11333778668448e-05,0.20800842992623814,0.00510097443863861,9.28393837338237e-05,0.09444746831804252,-2.359711489861387
DelayDiscountingTitrated-1056-1,799.0,901.0,599.0,99.0,497.0,99.0,499.0,0.03593777936706598,0.003662597114317425,0.00371916156557225,0.024934274249342744,0.0005545602381411758,0.001662284949956183,0.011745109580732625,-4.444318330924778
DelayDiscountingTitrated-2021-1,243.0,99.0,63.0,1.0,1.0,1.0,68.0,0.4450323339212228,0.30336700336700334,0.0826278659611993,2.736986301369863,0.5473972602739726,0.18246575342465754,0.7163127530529865,-0.3336384014535091
DelayDiscountingTitrated-2064-1,183.0,201.0,87.0,37.0,63.0,375.0,157.66666666666666,0.6377829820452772,0.13250414593698176,0.05830140485312899,0.07130692336171789,0.008149597738638834,0.00030441400304414006,0.15139157798979813,-1.8878855670703238
DelayDiscountingTitrated-3064-1,980.0,799.0,1.0,799.0,925.0,1.0,584.1666666666666,0.0029154518950437317,0.008385481852315394,5.55,0.0006892176864916762,4.4427989633469086e-05,0.18246575342465754,0.9574167221413569,-0.043516535974718135
DelayDiscountingTitrated Backup1-1045-1,715.0,887.0,739.0,609.0,67.0,133.0,525.0,0.056943056943056944,0.0042465238632093194,0.0019621109607577806,0.0017590030816294396,0.007630341443467594,0.0011906478525079824,0.012288614024104841,-4.399082134415677
DelayDiscountingTitrated Backup1-3077-1,999.0,998.0,897.0,988.0,399.0,97.0,729.6666666666666,0.000143000143000143,6.68002672010688e-05,0.000637928898798464,3.3276024624258224e-05,0.0008253510488550142,0.0017003248128795367,0.0005677801992264142,-7.473776187329503
DelayDiscountingTitrated Backup1-2032-1,245.0,499.0,43.0,6.0,57.0,2.0,142.0,0.4402332361516035,0.03346693386773547,0.12364341085271317,0.45388127853881277,0.009065128574861811,0.09114155251141552,0.19190525674952366,-1.6507534831726232
DelayDiscountingTitrated-3144-1,951.0,949.0,691.0,689.0,775.0,595.0,775.0,0.007360672975814932,0.001791359325605901,0.0024843222383019777,0.0012366542736147285,0.0001590808661069377,0.00012432370208357316,0.002192735563588008,-6.122605398856196
DelayDiscountingTitrated-3101-1,994.0,901.0,663.0,375.0,199.0,1.0,522.1666666666666,0.0008623167576889911,0.003662597114317425,0.0028238645885704707,0.0045662100456621,0.0022055482893921664,0.18246575342465754,0.03276438170338145,-3.4184132773117497
DelayDiscountingTitrated-2101-1,999.0,999.0,999.0,999.0,999.0,999.0,999.0,0.000143000143000143,3.33667000333667e-05,5.561116672227784e-06,2.7424684958931536e-06,5.484936991786307e-07,1.8283123305954356e-07,3.090029218897813e-05,-10.384744918151297
DelayDiscountingTitrated-1096-1,557.0,533.0,829.0,417.0,831.0,369.0,589.3333333333334,0.11361887663503463,0.0292057535959975,0.0011459589867310012,0.0038303603692388553,0.00011143530652951552,0.0003123337169444754,0.024704119768412663,-3.7007852570130577
DelayDiscountingTitrated-2059-1,999.0,983.0,970.0,859.0,487.0,749.0,841.1666666666666,0.000143000143000143,0.0005764665988470667,0.0001718213058419244,0.00044971055862981805,0.000577198953615932,6.12079424011315e-05,0.00032990091705600264,-8.016718199933655
DelayDiscountingTitrated-3059-1,972.0,948.0,649.0,449.0,401.0,99.0,586.3333333333334,0.00411522633744856,0.0018284106891701829,0.00300462249614792,0.003362113677273698,0.0008185016909780344,0.001662284949956183,0.0024651933068290965,-6.0054850539418965
DelayDiscountingTitrated Backup1-3112-1,989.0,943.0,597.0,551.0,199.0,69.0,558.0,0.0015889065434060378,0.002014846235418876,0.0037502326447050064,0.002232553514158566,0.0022055482893921664,0.0024644298855138642,0.0023760861854324193,-6.042300604809457
DelayDiscountingTitrated-3125-1,913.0,986.0,799.0,199.0,175.0,99.0,528.5,0.01361289313096542,0.00047329276538201487,0.0013975803087192323,0.011027741446960832,0.002583170254403131,0.001662284949956183,0.0051261604760644685,-5.273398345236012
DelayDiscountingTitrated-2125-1,999.0,999.0,1.0,193.0,1.0,1.0,365.6666666666667,0.000143000143000143,3.33667000333667e-05,5.55,0.01145574561714813,0.5473972602739726,0.18246575342465754,1.0485825210264685,0.04743927215075423
DelayDiscountingTitrated Backup1-3093-1,799.0,797.0,275.0,217.0,189.0,75.0,392.0,0.03593777936706598,0.00849017147636972,0.014646464646464647,0.009885739536645413,0.0023512357758933102,0.0022526636225266364,0.012260675737494287,-4.401358232742214
DelayDiscountingTitrated-1117-1,399.0,899.0,789.0,675.0,805.0,799.0,727.6666666666666,0.21518080916577156,0.0037449017426770485,0.0014857062385579495,0.0013191273465246068,0.00013273206840806604,4.594784576611175e-05,0.03698487073461756,-3.2972463490243213
DelayDiscountingTitrated-3038-1,994.0,994.0,847.0,689.0,165.0,125.0,635.6666666666666,0.0008623167576889911,0.00020120724346076458,0.0010035419126328217,0.0012366542736147285,0.002772934827729348,0.0012785388127853881,0.0012258656379853404,-6.7041080412868945
DelayDiscountingTitrated-2005-1,999.0,849.0,199.0,99.0,99.0,99.0,390.6666666666667,0.000143000143000143,0.005928543384373773,0.02236180904522613,0.024934274249342744,0.0049868548498685486,0.001662284949956183,0.010002794436961254,-4.604890781329083
DelayDiscountingTitrated-2040-1,999.0,789.0,699.0,499.0,583.0,851.0,736.6666666666666,0.000143000143000143,0.008914237431347697,0.0023923064695596883,0.0027507068932385316,0.0003919265020324726,3.197956741732799e-05,0.00243735950109931,-6.016839997328195
DelayDiscountingTitrated-3040-1,607.0,201.0,501.0,913.0,4.0,51.0,379.5,0.09249235114144505,0.13250414593698176,0.005533377689066312,0.0002610691833335834,0.13643835616438357,0.0033986928104575162,0.061771332154277964,-2.784315903143306
DelayDiscountingTitrated-1072-1,999.0,998.0,849.0,399.0,999.0,993.0,872.8333333333334,0.000143000143000143,6.68002672010688e-05,0.0009880905640622954,0.004126755244275071,5.484936991786307e-07,1.2875516745069367e-06,0.0008877470439853773,-7.026823715929355
DelayDiscountingTitrated-1037-1,998.0,975.0,901.0,937.0,599.0,837.0,874.5,0.000286286859433152,0.0008547008547008547,0.0006104328523862375,0.00018420783321881258,0.0003668214146865781,3.556952150264862e-05,0.0003896698893213805,-7.850210614908678
DelayDiscountingTitrated Backup1-3053-1,999.0,999.0,999.0,999.0,299.0,301.0,766.0,0.000143000143000143,3.33667000333667e-05,5.561116672227784e-06,2.7424684958931536e-06,0.0012846474549869427,0.0004241569198561871,0.0003155791338407934,-8.061101087018628
DelayDiscountingTitrated-3118-1,701.0,975.0,475.0,988.0,889.0,201.0,704.8333333333334,0.06093336050540045,0.0008547008547008547,0.0061403508771929825,3.3276024624258224e-05,6.841610552105644e-05,0.0007260501147231878,0.011459359080360464,-4.468948495929615
DelayDiscountingTitrated Backup1-3109-1,998.0,615.0,439.0,1.0,1.0,1.0,342.5,0.000286286859433152,0.02086720867208672,0.007099468488990129,2.736986301369863,0.5473972602739726,0.18246575342465754,0.5825170465148338,-0.5403968295673275
DelayDiscountingTitrated-1070-1,921.0,841.0,667.0,999.0,349.0,369.0,691.0,0.012253761439429191,0.006302021403091558,0.0027736131934032984,2.7424684958931536e-06,0.0010220983632295796,0.0003123337169444754,0.003777761764098999,-5.57862357062615
DelayDiscountingTitrated-1035-1,984.0,998.0,379.0,967.0,387.0,29.0,624.0,0.0023228803716608595,6.68002672010688e-05,0.009102902374670185,9.349633806009264e-05,0.0008679338784467807,0.006115572350810896,0.003094930930141647,-5.777989689688572
DelayDiscountingTitrated-2007-1,974.0,749.0,483.0,345.0,303.0,91.0,490.8333333333333,0.0038134350249339984,0.011170449488206497,0.005946629859673338,0.005201508834623784,0.0012604548126045481,0.0018244768929700436,0.004869492485502035,-5.324765559740711
DelayDiscountingTitrated-3007-1,999.0,957.0,963.0,949.0,899.0,903.0,945.0,0.000143000143000143,0.0014977359804946011,0.00021345332871812624,0.0001472350130634987,6.1560028646746e-05,1.9620038734406367e-05,0.0003471007554429202,-7.965895458657184
DelayDiscountingTitrated-3042-1,699.0,397.0,399.0,97.0,125.0,19.0,289.3333333333333,0.06151645207439199,0.05062972292191436,0.008368142578668894,0.025504872193193053,0.0038356164383561643,0.00943042537851478,0.02654753859750654,-3.6288182437837033
DelayDiscountingTitrated Backup1-1026-1,899.0,999.0,992.0,497.0,801.0,1.0,698.1666666666666,0.01604957889718735,3.33667000333667e-05,4.4802867383512545e-05,0.002772801190705879,0.0001361312058556941,0.18246575342465754,0.03358373904763722,-3.393713286073482
DelayDiscountingTitrated Backup1-3014-1,999.0,613.0,599.0,599.0,249.0,99.0,526.3333333333334,0.000143000143000143,0.021044045676998368,0.00371916156557225,0.0018341070734328904,0.0016526379490565,0.001662284949956183,0.005009206226336055,-5.2964778142950415
DelayDiscountingTitrated Backup1-3051-1,989.0,799.0,795.0,629.0,603.0,391.0,701.0,0.0015889065434060378,0.008385481852315394,0.00143256464011181,0.0016159592307859834,0.00036075331107021967,0.00028448306064534214,0.0022780247730557978,-6.084446539101529
DelayDiscountingTitrated-1128-1,813.0,933.0,719.0,999.0,403.0,813.0,780.0,0.03285890001757161,0.002393712040014291,0.002171225467470252,2.7424684958931536e-06,0.0008117203168020667,4.201137901789977e-05,0.006380051948228668,-5.054579039302997
DelayDiscountingTitrated Backup1-2029-1,793.0,994.0,799.0,699.0,994.0,249.0,754.6666666666666,0.03729057827418483,0.00020120724346076458,0.0013975803087192323,0.0011797675740294355,3.307516330861884e-06,0.0005508793163521667,0.006770553372179549,-4.995172456524013
DelayDiscountingTitrated-1115-1,875.0,331.0,429.0,921.0,101.0,327.0,497.3333333333333,0.02040816326530612,0.06737160120845921,0.007394457394457395,0.0002350036440438475,0.004877254848772549,0.00037590940192423164,0.01677706496049389,-4.087742506204356
DelayDiscountingTitrated-3082-1,994.0,499.0,749.0,875.0,205.0,419.0,623.5,0.0008623167576889911,0.03346693386773547,0.0018617415813677496,0.0003913894324853229,0.0021249582358837285,0.00025326663833218907,0.006493434418915575,-5.036963701962231
RUN_DelayDiscountingTitrated-2043-1,187.0,125.0,149.0,49.0,201.0,175.0,147.66666666666666,0.6210847975553858,0.23333333333333334,0.03173005219985086,0.05317305004193458,0.0021781503441695633,0.0008610567514677103,0.15706007337102365,-1.8511269138826865
DelayDiscountingTitrated-2082-1,949.0,950.0,749.0,225.0,499.0,225.0,599.5,0.007677254252596718,0.0017543859649122807,0.0018617415813677496,0.009436834094368341,0.0005501413786477064,0.0006291222729578894,0.0036515799241417807,-5.612595349113585
DelayDiscountingTitrated-1008-1,863.0,375.0,621.0,847.0,193.0,97.0,499.3333333333333,0.02267836450918722,0.05555555555555555,0.0033905886562891393,0.0004948973815723504,0.002291149123429626,0.0017003248128795367,0.014351813339818902,-4.243878979615735
DelayDiscountingTitrated-3146-1,987.0,987.0,875.0,101.0,125.0,501.0,596.0,0.001881603705311912,0.00043904086457277944,0.0007936507936507937,0.024386274243862742,0.0038356164383561643,0.00018191926648985135,0.005253017552040708,-5.2489525956793806
DelayDiscountingTitrated-1069-1,471.0,533.0,935.0,415.0,83.0,809.0,541.0,0.16044889293296938,0.0292057535959975,0.00038621509209744504,0.003862023436210596,0.006053804258128404,4.312218139537509e-05,0.033333301916133116,-3.401198324178606
DelayDiscountingTitrated Backup1-3110-1,899.0,998.0,897.0,801.0,499.0,99.0,698.8333333333334,0.01604957889718735,6.68002672010688e-05,0.000637928898798464,0.0006806560292784704,0.0005501413786477064,0.001662284949956183,0.0032745650701782075,-5.7215702217130415
DelayDiscountingTitrated-1094-1,251.0,999.0,693.0,869.0,1.0,32.0,474.1666666666667,0.4262948207171315,3.33667000333667e-05,0.0024611191277857944,0.00041300818134527167,0.5473972602739726,0.005525114155251141,0.1636874481925866,-1.8097964732162093
DelayDiscountingTitrated-2023-1,861.0,763.0,803.0,1.0,1.0,1.0,405.0,0.02306288369006139,0.01035386631716907,0.0013629445136294452,2.736986301369863,0.5473972602739726,0.18246575342465754,0.5836048349315589,-0.5385311777009995
DelayDiscountingTitrated-2066-1,999.0,119.0,999.0,799.0,199.0,99.0,535.6666666666666,0.000143000143000143,0.24677871148459385,5.561116672227784e-06,0.0006892176864916762,0.0022055482893921664,0.001662284949956183,0.04191405394501771,-3.172134091944662
DelayDiscountingTitrated-3023-1,625.0,243.0,1.0,7.0,125.0,62.0,177.16666666666666,0.08571428571428572,0.10384087791495199,5.55,0.3886497064579256,0.0038356164383561643,0.0027632935631168067,1.0224672966814394,0.02221862473769697
DelayDiscountingTitrated-1011-1,994.0,994.0,998.0,994.0,994.0,945.0,986.5,0.0008623167576889911,0.00020120724346076458,1.11333778668448e-05,1.6537581654309418e-05,3.307516330861884e-06,1.0630330265033461e-05,0.0001841888012111342,-8.599549232890654
DelayDiscountingTitrated Backup1-3030-1,999.0,923.0,181.0,199.0,327.0,107.0,456.0,0.000143000143000143,0.0027807872878295413,0.025138121546961326,0.011027741446960832,0.0011277282057726948,0.0015243460077668245,0.006956954106381893,-4.968013528816467
DelayDiscountingTitrated Backup1-3075-1,999.0,949.0,313.0,201.0,201.0,93.0,459.3333333333333,0.000143000143000143,0.001791359325605901,0.012193823216187434,0.010890751720847816,0.0021781503441695633,0.0017813129081357098,0.004829732942991095,-5.332964104152468
DelayDiscountingTitrated-1028-1,9.0,1.0,28.0,31.0,1.0,4.0,12.333333333333334,15.73015873015873,33.3,0.19285714285714287,0.08563853292090146,0.5473972602739726,0.04547945205479452,8.316921853044256,2.1182922167914584
DelayDiscountingTitrated Backup1-3009-1,991.0,939.0,699.0,399.0,99.0,9.0,522.6666666666666,0.0012973908029407526,0.002165424210152645,0.0023923064695596883,0.004126755244275071,0.0049868548498685486,0.020111618467782852,0.005846725007429926,-5.1418736022902145
DelayDiscountingTitrated Backup1-2009-1,949.0,613.0,157.0,187.0,187.0,49.0,357.0,0.007677254252596718,0.021044045676998368,0.029830148619957537,0.011911215295582742,0.002382243059116548,0.0035448700027956386,0.012731629484507926,-4.363665871108268
DelayDiscountingTitrated-3142-1,989.0,955.0,909.0,839.0,393.0,241.0,721.0,0.0015889065434060378,0.0015706806282722514,0.0005561667277838896,0.0005257400362466733,0.0008463174038830214,0.0005752287841755243,0.0009438400206278996,-6.965553875854217
DelayDiscountingTitrated-3107-1,999.0,977.0,974.0,974.0,971.0,503.0,899.6666666666666,0.000143000143000143,0.0007847151142954623,0.00014830025096965548,7.313437034119996e-05,1.6364995838212264e-05,0.00018046969325598918,0.00022433076128344366,-8.402388982357497
DelayDiscountingTitrated Backup1-1006-1,967.0,333.0,467.0,667.0,829.0,11.0,545.6666666666666,0.004875166198847688,0.06676676676676677,0.006340709017368547,0.0013678092460619005,0.00011302609184196177,0.016421751764217517,0.015980871514184068,-4.136362802322376
DelayDiscountingTitrated-1108-1,49.0,2.0,1.0,1.0,1.0,1.0,9.166666666666666,2.772594752186589,16.633333333333333,5.55,2.736986301369863,0.5473972602739726,0.18246575342465754,4.737129566764736,1.5554313756394844
DelayDiscountingTitrated Backup1-3034-1,999.0,984.0,871.0,813.0,841.0,199.0,784.5,0.000143000143000143,0.0005420054200542005,0.0008228090317642557,0.0006301706852684966,0.00010359487237958725,0.0007351827631307222,0.0004961271525995675,-7.6086783080454286
DelayDiscountingTitrated Backup1-2034-1,499.0,445.0,189.0,163.0,1.0,1.0,216.33333333333334,0.14342971657600917,0.04157303370786517,0.023838918283362726,0.014068409110009245,0.5473972602739726,0.18246575342465754,0.15879551522931276,-1.8401379721969169
DelayDiscountingTitrated-1050-1,993.0,975.0,799.0,499.0,547.0,643.0,742.6666666666666,0.0010070493454179255,0.0008547008547008547,0.0013975803087192323,0.0027507068932385316,0.0004537827752873707,0.00010140821065638382,0.0010942047313367163,-6.817727452329351
DelayDiscountingTitrated Backup1-3129-1,999.0,999.0,937.0,999.0,999.0,399.0,888.6666666666666,0.000143000143000143,3.33667000333667e-05,0.0003735325506937033,2.7424684958931536e-06,5.484936991786307e-07,0.0002751170162850048,0.00013805122870121493,-8.887885719220511
DelayDiscountingTitrated-2027-1,999.0,907.0,998.0,787.0,819.0,1.0,751.8333333333334,0.000143000143000143,0.003417861080485116,1.11333778668448e-05,0.0007415014534124732,0.00012109655945272383,0.18246575342465754,0.03115005767314581,-3.468939182285034
DelayDiscountingTitrated-2062-1,899.0,599.0,970.0,209.0,975.0,119.0,628.5,0.01604957889718735,0.0223149693934335,0.0001718213058419244,0.010369010945795372,1.4049877063575694e-05,0.0013522121177238018,0.008378607089507587,-4.782073596739809
DelayDiscountingTitrated-3062-1,998.0,998.0,945.0,949.0,505.0,285.0,780.0,0.000286286859433152,6.68002672010688e-05,0.0003233392122281011,0.0001472350130634987,0.0005370948053709481,0.00045822318352960027,0.0003031632234710615,-8.101239206173355
DelayDiscountingTitrated Backup1-3010-1,996.0,975.0,699.0,699.0,281.0,99.0,624.8333333333334,0.0005737234652897303,0.0008547008547008547,0.0023923064695596883,0.0011797675740294355,0.0014020377321698435,0.001662284949956183,0.001344136840950956,-6.612003225880348
DelayDiscountingTitrated Backup1-3055-1,901.0,689.0,689.0,4.0,4.0,4.0,381.8333333333333,0.015696844775646108,0.015045960328979197,0.002507660054829866,0.6821917808219178,0.13643835616438357,0.04547945205479452,0.14956000903342517,-1.9000575684732182
DelayDiscountingTitrated Backup1-2010-1,999.0,999.0,998.0,994.0,986.0,970.0,991.0,0.000143000143000143,3.33667000333667e-05,1.11333778668448e-05,1.6537581654309418e-05,7.780155047375587e-06,5.648919644118063e-06,3.624447954102627e-05,-10.225223476784079
DelayDiscountingTitrated Backup1-1022-1,73.0,6.0,1.0,6.0,998.0,617.0,283.5,1.8140900195694716,5.522222222222222,5.55,0.45388127853881277,1.0980865841271584e-06,0.00011337818136068619,2.2233846660997414,0.7990306591936774
DelayDiscountingTitrated-2003-1,601.0,265.0,251.0,41.0,93.0,6.0,209.5,0.09484193011647254,0.09245283018867924,0.016578131916777334,0.06408286000668226,0.005343938724407129,0.03025875190258752,0.050593073809267676,-2.983940593297578
DelayDiscountingTitrated-2046-1,998.0,981.0,851.0,823.0,749.0,599.0,833.5,0.000286286859433152,0.0006455997281685355,0.0009727118422770596,0.0005892241881522662,0.0001836238272033945,0.00012227380489552602,0.0004666200416883223,-7.669995246688318
DelayDiscountingTitrated-3003-1,999.0,998.0,989.0,497.0,225.0,199.0,651.1666666666666,0.000143000143000143,6.68002672010688e-05,6.179081002134591e-05,0.002772801190705879,0.0018873668188736682,0.0007351827631307222,0.0009444903321554712,-6.9648651070142495
DelayDiscountingTitrated-1074-1,999.0,999.0,999.0,999.0,999.0,998.0,998.8333333333334,0.000143000143000143,3.33667000333667e-05,5.561116672227784e-06,2.7424684958931536e-06,5.484936991786307e-07,3.6602886137571946e-07,3.0930825127030826e-05,-10.383757294383203
DelayDiscountingTitrated-1031-1,999.0,865.0,897.0,491.0,515.0,199.0,661.0,0.000143000143000143,0.005202312138728324,0.000637928898798464,0.002840164048768239,0.000516026067296183,0.0007351827631307222,0.0016791023432870126,-6.389495947838504
DelayDiscountingTitrated-2086-1,974.0,978.0,803.0,199.0,149.0,1.0,517.3333333333334,0.0038134350249339984,0.0007498295841854124,0.0013629445136294452,0.011027741446960832,0.0031295393950537833,0.18246575342465754,0.03375820723157017,-3.38853171399468
DelayDiscountingTitrated-1049-1,999.0,399.0,399.0,49.0,83.0,14.0,323.8333333333333,0.000143000143000143,0.05020885547201337,0.008368142578668894,0.05317305004193458,0.006053804258128404,0.012863666014350945,0.021801753084682723,-3.8257648956917802
DelayDiscountingTitrated Backup1-3095-1,999.0,999.0,999.0,999.0,597.0,2.0,765.8333333333334,0.000143000143000143,3.33667000333667e-05,5.561116672227784e-06,2.7424684958931536e-06,0.00036988595947775406,0.09114155251141552,0.015282684816515818,-4.181034802791425
DelayDiscountingTitrated-1111-1,999.0,998.0,986.0,959.0,787.0,219.0,824.6666666666666,0.000143000143000143,6.68002672010688e-05,7.888212756366915e-05,0.0001171311440284543,0.00014830029068249465,0.0006513625654177353,0.0002009127563155942,-8.5126397923125
DelayDiscountingTitrated-2079-1,999.0,531.0,199.0,649.0,217.0,201.0,466.0,0.000143000143000143,0.029441305712492153,0.02236180904522613,0.0014817316419359606,0.001977147907329083,0.0007260501147231878,0.009355174094117779,-4.671825709689235
DelayDiscountingTitrated-2084-1,849.0,623.0,657.0,485.0,393.0,201.0,534.6666666666666,0.0254080430758876,0.020171214553237025,0.0029003889734483344,0.002909193616720802,0.0008463174038830214,0.0007260501147231878,0.008826867956316662,-4.729955032122808
DelayDiscountingTitrated-1113-1,999.0,167.0,23.0,333.0,291.0,329.0,357.0,0.000143000143000143,0.1662674650698603,0.23599033816425122,0.0054876794602822,0.0013350280092265688,0.0003725139137555343,0.06826600412672933,-2.6843433797068528
DelayDiscountingTitrated-3121-1,799.0,875.0,875.0,199.0,401.0,12.0,526.8333333333334,0.03593777936706598,0.004761904761904762,0.0007936507936507937,0.011027741446960832,0.0008185016909780344,0.015038051750380518,0.011396271635156817,-4.474469026621701
DelayDiscountingTitrated-2121-1,499.0,599.0,479.0,99.0,4.0,1.0,280.1666666666667,0.14342971657600917,0.0223149693934335,0.006042681512410114,0.024934274249342744,0.13643835616438357,0.18246575342465754,0.08593762522003945,-2.454133534016395
DelayDiscountingTitrated Backup1-3097-1,994.0,994.0,996.0,993.0,399.0,299.0,779.1666666666666,0.0008623167576889911,0.00020120724346076458,2.2311468094600625e-05,1.9313275117604052e-05,0.0008253510488550142,0.00042821581832898093,0.00039311926859099253,-7.841397509716659
DelayDiscountingTitrated-1076-1,157.0,978.0,63.0,143.0,48.0,607.0,332.6666666666667,0.7670609645131938,0.0007498295841854124,0.0826278659611993,0.016419197241115048,0.010867579908675798,0.00011825506082011239,0.14630728204486493,-1.9220461974520258
DelayDiscountingTitrated-1033-1,999.0,199.0,1.0,1.0,39.0,1.0,206.66666666666666,0.000143000143000143,0.13417085427135678,5.55,2.736986301369863,0.013501931858096242,0.18246575342465754,1.4362113068444957,0.3620086094137486
DelayDiscountingTitrated-2001-1,199.0,343.0,51.0,54.0,19.0,6.0,112.0,0.5750179468772434,0.06384839650145772,0.10337690631808279,0.04799594114662608,0.02829127613554434,0.03025875190258752,0.14146486981359033,-1.9557038625915302
DelayDiscountingTitrated-2044-1,943.0,954.0,449.0,345.0,199.0,199.0,514.8333333333334,0.008635055294652326,0.001607267645003494,0.006817619401138332,0.005201508834623784,0.0022055482893921664,0.0007351827631307222,0.004200363704656805,-5.472584161095203
DelayDiscountingTitrated Backup1-3036-1,949.0,859.0,587.0,499.0,601.0,391.0,647.6666666666666,0.007677254252596718,0.005471478463329453,0.003908763959871285,0.0027507068932385316,0.00036377726620016865,0.00028448306064534214,0.0034094106493135832,-5.681215832736876
DelayDiscountingTitrated Backup1-1041-1,799.0,999.0,267.0,899.0,27.0,65.0,509.3333333333333,0.03593777936706598,3.33667000333667e-05,0.01525176862255514,0.00030780014323373,0.019746321664129884,0.0026273270108886546,0.012317393917984457,-4.396742875884078
DelayDiscountingTitrated-2025-1,499.0,399.0,199.0,49.0,6.0,1.0,192.16666666666666,0.14342971657600917,0.05020885547201337,0.02236180904522613,0.05317305004193458,0.09077625570776256,0.18246575342465754,0.09040257337793389,-2.403482545419106
DelayDiscountingTitrated-2060-1,703.0,645.0,625.0,625.0,575.0,189.0,560.3333333333334,0.060353586669376146,0.01834625322997416,0.0033333333333333335,0.0016438356164383563,0.00040500297796307327,0.0007837452586311034,0.014144292847619361,-4.25844406857697
DelayDiscountingTitrated-1017-1,1.0,2.0,1.0,8.0,1.0,1.0,2.3333333333333335,142.71428571428572,16.633333333333333,5.55,0.33972602739726027,0.5473972602739726,0.18246575342465754,27.66120134811916,3.3200307579803225
DelayDiscountingTitrated Backup1-3116-1,998.0,889.0,199.0,495.0,299.0,151.0,505.1666666666667,0.000286286859433152,0.004161979752530934,0.02236180904522613,0.00279507402795074,0.0012846474549869427,0.001026943663249569,0.005319456800562912,-5.236384085999018
DelayDiscountingTitrated Backup1-1039-1,998.0,996.0,991.0,199.0,968.0,885.0,839.5,0.000286286859433152,0.00013386880856760375,5.0454086781029264e-05,0.011027741446960832,1.811389109022982e-05,2.3733973118695665e-05,0.0019233665109919236,-6.253678237196564
DelayDiscountingTitrated-3105-1,597.0,569.0,565.0,669.0,583.0,667.0,608.3333333333334,0.09643455372098589,0.0252489748096075,0.004277286135693215,0.001355529618936462,0.0003919265020324726,9.118728307079337e-05,0.021299909678387723,-3.849052446727029
DelayDiscountingTitrated-2105-1,807.0,125.0,29.0,22.0,30.0,57.0,178.33333333333334,0.034165338998052755,0.23333333333333334,0.18601532567049808,0.12179327521793275,0.01771689497716895,0.0030217095249539376,0.0993409796203233,-2.309197108063823
DelayDiscountingTitrated-3083-1,970.0,921.0,797.0,899.0,99.0,89.0,629.1666666666666,0.004418262150220913,0.002859211002533478,0.0014150285793949533,0.00030780014323373,0.0049868548498685486,0.0018695808321789545,0.002642789592905096,-5.935920255721134
DelayDiscountingTitrated-2083-1,499.0,799.0,699.0,593.0,199.0,149.0,489.6666666666667,0.14342971657600917,0.008385481852315394,0.0023923064695596883,0.0018803853172861466,0.0022055482893921664,0.0010431797983512612,0.026556103050485638,-3.6284956876354784
DelayDiscountingTitrated-1114-1,975.0,946.0,369.0,875.0,801.0,125.0,681.8333333333334,0.003663003663003663,0.0019027484143763213,0.009500150557061127,0.0003913894324853229,0.0001361312058556941,0.0012785388127853881,0.002811993680927919,-5.873861552216926
DelayDiscountingTitrated-3126-1,983.0,799.0,741.0,99.0,95.0,6.0,453.8333333333333,0.0024705711379160006,0.008385481852315394,0.0019418203628729944,0.024934274249342744,0.005219899062725307,0.03025875190258752,0.012201799761293326,-4.406171816705655
DelayDiscountingTitrated-1034-1,999.0,749.0,849.0,499.0,1.0,33.0,521.6666666666666,0.000143000143000143,0.011170449488206497,0.0009880905640622954,0.0027507068932385316,0.5473972602739726,0.005352151653521517,0.09463360983600028,-2.357742582343956
DelayDiscountingTitrated-1071-1,589.0,967.0,391.0,55.0,1.0,1.0,334.0,0.09968469560999273,0.001137538779731127,0.00865302642796249,0.04707347447073475,0.5473972602739726,0.18246575342465754,0.14773529149784187,-1.9123331775813568
DelayDiscountingTitrated-2006-1,999.0,999.0,998.0,999.0,973.0,899.0,977.8333333333334,0.000143000143000143,3.33667000333667e-05,1.11333778668448e-05,2.7424684958931536e-06,1.5205057089357868e-05,2.0520009548915336e-05,3.7661292672420144e-05,-10.186877710512345
DelayDiscountingTitrated-3043-1,990.0,893.0,299.0,375.0,18.0,18.0,432.1666666666667,0.001443001443001443,0.003994027622247107,0.013024897807506503,0.0045662100456621,0.02989345509893455,0.009964485032978183,0.010481012841721649,-4.55818995955664
DelayDiscountingTitrated Backup1-3074-1,988.0,981.0,937.0,389.0,165.0,41.0,583.5,0.001735106998264893,0.0006455997281685355,0.0003735325506937033,0.004303271472338627,0.002772934827729348,0.004272190667112151,0.00235043937405121,-6.053153000620982
DelayDiscountingTitrated Backup1-3031-1,999.0,999.0,999.0,499.0,401.0,497.0,732.3333333333334,0.000143000143000143,3.33667000333667e-05,5.561116672227784e-06,0.0027507068932385316,0.0008185016909780344,0.00018485341271372527,0.0006559983261060048,-7.329352320691116
DelayDiscountingTitrated Backup1-1046-1,996.0,199.0,499.0,999.0,996.0,247.0,656.0,0.0005737234652897303,0.13417085427135678,0.005577822311289245,2.7424684958931536e-06,2.200583154535952e-06,0.0005568188120459209,0.02348069365193868,-3.751576742212494
DelayDiscountingTitrated-2067-1,949.0,999.0,99.0,489.0,13.0,25.0,429.0,0.007677254252596718,3.33667000333667e-05,0.050561167227833895,0.0028629856850715747,0.041601685985247626,0.007123287671232876,0.01830995792033601,-4.000310218477713
DelayDiscountingTitrated-2022-1,999.0,779.0,789.0,789.0,875.0,363.0,765.6666666666666,0.000143000143000143,0.009456568249893025,0.0014857062385579495,0.0007326770491518656,7.827788649706458e-05,0.00032051523956878875,0.0020361241344448062,-6.196707212385837
DelayDiscountingTitrated-3067-1,999.0,499.0,399.0,125.0,25.0,6.0,342.1666666666667,0.000143000143000143,0.03346693386773547,0.008368142578668894,0.019178082191780823,0.021369863013698632,0.03025875190258752,0.018797462282911914,-3.974033403209016
DelayDiscountingTitrated-1010-1,962.0,525.0,4.0,1.0,4.0,1.0,249.5,0.005643005643005643,0.03015873015873016,1.3833333333333333,2.736986301369863,0.13643835616438357,0.18246575342465754,0.7458375800156621,-0.29324742364169826
DelayDiscountingTitrated-1068-1,1.0,1.0,1.0,1.0,1.0,1.0,1.0,142.71428571428572,33.3,5.55,2.736986301369863,0.5473972602739726,0.18246575342465754,30.83852250489237,3.4287646391458106
DelayDiscountingTitrated Backup1-3111-1,998.0,899.0,611.0,249.0,199.0,89.0,507.5,0.000286286859433152,0.0037449017426770485,0.0035370067284960904,0.0082631897452825,0.0022055482893921664,0.0018695808321789545,0.0033177523662433184,-5.708467723439931
DelayDiscountingTitrated-1095-1,483.0,749.0,183.0,375.0,99.0,25.0,319.0,0.15291333924874298,0.011170449488206497,0.024802671523982998,0.0045662100456621,0.0049868548498685486,0.007123287671232876,0.034260468804616,-3.37376310244902
DelayDiscountingTitrated-3102-1,984.0,907.0,893.0,251.0,101.0,63.0,533.1666666666666,0.0023228803716608595,0.003417861080485116,0.0006656712703745179,0.008175517109643617,0.004877254848772549,0.0027165325795462784,0.0036959528767471564,-5.600516875081826
DelayDiscountingTitrated-3147-1,999.0,999.0,763.0,857.0,99.0,63.0,630.0,0.000143000143000143,3.33667000333667e-05,0.001725644386194845,0.00045715381787375523,0.0049868548498685486,0.0027165325795462784,0.0016770920794194893,-6.390693890421525
DelayDiscountingTitrated-2102-1,715.0,599.0,375.0,399.0,249.0,175.0,418.6666666666667,0.056943056943056944,0.0223149693934335,0.009259259259259259,0.004126755244275071,0.0016526379490565,0.0008610567514677103,0.015859622590091497,-4.143978859395805
DelayDiscountingTitrated-1097-1,901.0,849.0,827.0,89.0,219.0,14.0,483.1666666666667,0.015696844775646108,0.005928543384373773,0.0011621657933628914,0.028043712482684315,0.001954087696253206,0.012863666014350945,0.01094150335777854,-4.5151920729852435
DelayDiscountingTitrated-2058-1,963.0,837.0,207.0,2.0,2.0,2.0,335.5,0.005488799881323246,0.006491437674233373,0.02128287707997853,1.367123287671233,0.27342465753424655,0.09114155251141552,0.294158768725405,-1.2236356277287586
DelayDiscountingTitrated-2100-1,999.0,998.0,996.0,999.0,987.0,994.0,995.5,0.000143000143000143,6.68002672010688e-05,2.2311468094600625e-05,2.7424684958931536e-06,7.217110102566238e-06,1.1025054436206278e-06,4.052899372298208e-05,-10.11349294558732
DelayDiscountingTitrated Backup1-1044-1,323.0,869.0,499.0,345.0,141.0,201.0,396.3333333333333,0.2994250331711632,0.005024932873034139,0.005577822311289245,0.005201508834623784,0.003338191003594676,0.0007260501147231878,0.05321558971807137,-2.933403885748947
DelayDiscountingTitrated Backup1-2033-1,899.0,899.0,949.0,999.0,901.0,961.0,934.6666666666666,0.01604957889718735,0.0037449017426770485,0.0002985598876009835,2.7424684958931536e-06,6.0207075851793286e-05,7.412370105341183e-06,0.0033605670736530685,-5.695645547326847
DelayDiscountingTitrated-2098-1,996.0,299.0,593.0,193.0,30.0,299.0,401.6666666666667,0.0005737234652897303,0.07814938684503901,0.0038130035600524637,0.01145574561714813,0.01771689497716895,0.00042821581832898093,0.018689495047171212,-3.979793675152447
DelayDiscountingTitrated-2065-1,975.0,901.0,901.0,125.0,399.0,99.0,566.6666666666666,0.003663003663003663,0.003662597114317425,0.0006104328523862375,0.019178082191780823,0.0008253510488550142,0.001662284949956183,0.0049336253033832244,-5.311681205513207
DelayDiscountingTitrated-2020-1,775.0,49.0,49.0,25.0,30.0,57.0,164.16666666666666,0.041474654377880185,0.6469387755102041,0.10782312925170068,0.10684931506849316,0.01771689497716895,0.0030217095249539376,0.1539707464517335,-1.8709926527184606
DelayDiscountingTitrated-3065-1,999.0,499.0,929.0,897.0,493.0,197.0,669.0,0.000143000143000143,0.03346693386773547,0.0004245903600047841,0.00031459507338006443,0.0005635055155742032,0.0007445008460236886,0.005942854300953059,-5.125565738975361
DelayDiscountingTitrated Backup1-3017-1,693.0,439.0,313.0,271.0,99.0,287.0,350.3333333333333,0.06328592042877758,0.04259681093394078,0.012193823216187434,0.00736996411060001,0.0049868548498685486,0.00045375717945046377,0.021814521786470805,-3.8251793939637864
DelayDiscountingTitrated Backup1-2017-1,949.0,537.0,473.0,1.0,51.0,1.0,335.3333333333333,0.007677254252596718,0.028739913097454998,0.00618980502701433,2.736986301369863,0.01019607843137255,0.18246575342465754,0.4953758509338266,-0.7024385097161088
DelayDiscountingTitrated Backup1-1025-1,1.0,1.0,1.0,1.0,1.0,1.0,1.0,142.71428571428572,33.3,5.55,2.736986301369863,0.5473972602739726,0.18246575342465754,30.83852250489237,3.4287646391458106
DelayDiscountingTitrated-2004-1,599.0,491.0,4.0,2.0,1.0,1.0,183.0,0.095635583114715,0.034555329260013576,1.3833333333333333,1.367123287671233,0.5473972602739726,0.18246575342465754,0.6017517578463208,-0.50791028109959
DelayDiscountingTitrated-3004-1,987.0,969.0,952.0,987.0,937.0,371.0,867.1666666666666,0.001881603705311912,0.001066391468868249,0.00028011204481792715,3.608555051283119e-05,3.684156664376252e-05,0.00030966534972738126,0.0006017832809803438,-7.415613175841945
DelayDiscountingTitrated-1036-1,329.0,1.0,1.0,1.0,2.0,1.0,55.833333333333336,0.29135909683022143,33.3,5.55,2.736986301369863,0.27342465753424655,0.18246575342465754,7.0557059681931635,1.9538366466617845
DelayDiscountingTitrated-1073-1,929.0,687.0,937.0,62.0,499.0,999.0,685.5,0.010918037828694448,0.015186802523047065,0.0003735325506937033,0.041449403446752096,0.0005501413786477064,1.8283123305954356e-07,0.011413016759844678,-4.473000753924529
DelayDiscountingTitrated-2081-1,499.0,599.0,499.0,499.0,497.0,681.0,545.6666666666666,0.14342971657600917,0.0223149693934335,0.005577822311289245,0.0027507068932385316,0.0005545602381411758,8.555776825645874e-05,0.029118888863394685,-3.536368213545299
DelayDiscountingTitrated-2039-1,994.0,986.0,799.0,99.0,395.0,93.0,561.0,0.0008623167576889911,0.00047329276538201487,0.0013975803087192323,0.024934274249342744,0.000839257846367262,0.0017813129081357098,0.005048005805939325,-5.288762003597427
DelayDiscountingTitrated-3039-1,994.0,996.0,899.0,899.0,499.0,99.0,731.0,0.0008623167576889911,0.00013386880856760375,0.0006241502904461748,0.00030780014323373,0.0005501413786477064,0.001662284949956183,0.0006900937214233981,-7.278683141446924
DelayDiscountingTitrated-3124-1,999.0,999.0,959.0,747.0,493.0,163.0,726.6666666666666,0.000143000143000143,3.33667000333667e-05,0.00023751593094658788,0.0009279125634959931,0.0005635055155742032,0.000937893940667283,0.00047386579895292955,-7.654586400928404
DelayDiscountingTitrated-1032-1,547.0,143.0,593.0,875.0,99.0,28.0,380.8333333333333,0.11830765212849308,0.19976689976689976,0.0038130035600524637,0.0003913894324853229,0.0049868548498685486,0.0063405088062622305,0.05560105142401025,-2.8895531674006203
DelayDiscountingTitrated-1077-1,998.0,971.0,963.0,569.0,465.0,299.0,710.8333333333334,0.000286286859433152,0.0009955372468245796,0.00021345332871812624,0.0020752582035293834,0.0006304315804978642,0.00042821581832898093,0.0007715305062220144,-7.1671343455014345
DelayDiscountingTitrated Backup1-1019-1 - Copy,994.0,939.0,779.0,793.0,463.0,62.0,671.6666666666666,0.0008623167576889911,0.002165424210152645,0.0015760947083155042,0.0007151617751213529,0.0006355217609988461,0.0027632935631168067,0.0014529687958990244,-6.534146370261881
DelayDiscountingTitrated-3158-1,999.0,986.0,857.0,964.0,623.0,373.0,800.3333333333334,0.000143000143000143,0.00047329276538201487,0.0009270063529106703,0.00010231342011027114,0.0003315816090943073,0.0003070255977083257,0.00038070331470095543,-7.873490187755425
DelayDiscountingTitrated Backup1-1021-1,589.0,919.0,819.0,938.0,397.0,2.0,610.6666666666666,0.09968469560999273,0.0029379760609358,0.0012277845611178945,0.0001810906329409703,0.0008322694178944826,0.09114155251141552,0.032667561465716234,-3.421372697547184
DelayDiscountingTitrated Backup1-3056-1,999.0,335.0,501.0,391.0,49.0,49.0,387.3333333333333,0.000143000143000143,0.06616915422885572,0.005533377689066312,0.004267245909680132,0.010634610008386917,0.0035448700027956386,0.01504870966363081,-4.196463028098674
DelayDiscountingTitrated Backup1-3013-1,899.0,719.0,219.0,91.0,45.0,79.0,342.0,0.01604957889718735,0.01302735280482151,0.019812278031456115,0.027367153394550654,0.011628614916286148,0.002129356684584706,0.01500238912148108,-4.199545815797401
DelayDiscountingTitrated-1112-1,93.0,125.0,13.0,99.0,99.0,151.0,96.66666666666667,1.3932411674347158,0.23333333333333334,0.4217948717948718,0.024934274249342744,0.0049868548498685486,0.001026943663249569,0.34655290755423035,-1.0597197806541172
DelayDiscountingTitrated-3120-1,999.0,994.0,925.0,899.0,499.0,629.0,824.1666666666666,0.000143000143000143,0.00020120724346076458,0.00045045045045045046,0.00030780014323373,0.0005501413786477064,0.00010773061538573223,0.00029338832902975446,-8.1340134714046
DelayDiscountingTitrated Backup1-3096-1,853.0,717.0,437.0,30.0,251.0,999.0,547.8333333333334,0.0246189917936694,0.013156671315667131,0.007157386219171116,0.08858447488584476,0.0016351034219287235,1.8283123305954356e-07,0.022525468411252362,-3.793108680531816
DelayDiscountingTitrated-2078-1,996.0,875.0,497.0,199.0,613.0,95.0,545.8333333333334,0.0005737234652897303,0.004761904761904762,0.005622624636709143,0.011027741446960832,0.0003459295179780554,0.0017399663542417689,0.0040119816971807155,-5.518469970911619
DelayDiscountingTitrated-3078-1,998.0,939.0,951.0,957.0,925.0,139.0,818.1666666666666,0.000286286859433152,0.002165424210152645,0.000286248393503914,0.0001231015874379124,4.4427989633469086e-05,0.0011313688775007392,0.0006728096529436386,-7.304048101989258
DelayDiscountingTitrated-2085-1,999.0,601.0,799.0,601.0,401.0,401.0,633.6666666666666,0.000143000143000143,0.022129783693843594,0.0013975803087192323,0.0018188863310008433,0.0008185016909780344,0.0002728338969926781,0.004430097677422421,-5.419333646088617
DelayDiscountingTitrated Backup1-1038-1,829.0,823.0,30.0,50.0,23.0,1.0,292.6666666666667,0.029467516801654315,0.0071688942891859056,0.17962962962962964,0.052054794520547946,0.02327575938058368,0.18246575342465754,0.07901039134104317,-2.53817589920264
DelayDiscountingTitrated-2104-1,994.0,499.0,975.0,399.0,399.0,347.0,602.1666666666666,0.0008623167576889911,0.03346693386773547,0.00014245014245014244,0.004126755244275071,0.0008253510488550142,0.0003437158685668417,0.006627920488261922,-5.016464175829258
DelayDiscountingTitrated-1093-1,999.0,999.0,49.0,2.0,201.0,201.0,408.5,0.000143000143000143,3.33667000333667e-05,0.10782312925170068,1.367123287671233,0.0021781503441695633,0.0007260501147231878,0.2463378307041433,-1.401051389612374
DelayDiscountingTitrated-2061-1,839.0,825.0,863.0,501.0,53.0,69.0,525.0,0.027413587604290822,0.007070707070707071,0.000881936397579503,0.00272878899734777,0.009790643577151719,0.0024644298855138642,0.008391682255431791,-4.78051427139907
DelayDiscountingTitrated-3024-1,999.0,998.0,994.0,994.0,994.0,994.0,995.5,0.000143000143000143,6.68002672010688e-05,3.35345405767941e-05,1.6537581654309418e-05,3.307516330861884e-06,1.1025054436206278e-06,4.4047092367799634e-05,-10.030251215302117
DelayDiscountingTitrated-1014-1,957.0,957.0,599.0,599.0,501.0,9.0,603.6666666666666,0.006418868487834005,0.0014977359804946011,0.00371916156557225,0.0018341070734328904,0.000545757799469554,0.020111618467782852,0.005687874895764358,-5.169418581138626
DelayDiscountingTitrated Backup1-3128-1,998.0,903.0,869.0,781.0,173.0,77.0,633.5,0.000286286859433152,0.003580657069029162,0.0008374888121723564,0.0007682458386683739,0.0026193681209913692,0.0021894087647512306,0.001713575910840941,-6.369172916002103
DelayDiscountingTitrated-3063-1,989.0,989.0,125.0,749.0,989.0,59.0,650.0,0.0015889065434060378,0.0003707448601280755,0.03888888888888889,0.0009181191360169724,6.094436056899871e-06,0.002913087222351211,0.007447640181141347,-4.899858050977095
DelayDiscountingTitrated-1109-1,825.0,83.0,117.0,239.0,659.0,87.0,335.0,0.030303030303030304,0.3682730923694779,0.0419278252611586,0.008723562790164499,0.00028353462074126427,0.0019167585157193092,0.07523796731004864,-2.5870992909954733
DelayDiscountingTitrated Backup1-3035-1,899.0,998.0,199.0,499.0,1.0,1.0,432.8333333333333,0.01604957889718735,6.68002672010688e-05,0.02236180904522613,0.0027507068932385316,0.5473972602739726,0.18246575342465754,0.12851531813358055,-2.051707174486266
DelayDiscountingTitrated Backup1-3008-1,975.0,975.0,899.0,801.0,389.0,93.0,688.6666666666666,0.003663003663003663,0.0008547008547008547,0.0006241502904461748,0.0006806560292784704,0.0008606542944677255,0.0017813129081357098,0.0014107463400054327,-6.5636363954792385
DelayDiscountingTitrated-3106-1,667.0,525.0,175.0,631.0,349.0,229.0,429.3333333333333,0.07132148211608481,0.03015873015873016,0.02619047619047619,0.0016021535722814406,0.0010220983632295796,0.0006149428725249746,0.02181831387888786,-3.825005575674474
DelayDiscountingTitrated-3143-1,994.0,974.0,771.0,749.0,99.0,429.0,669.3333333333334,0.0008623167576889911,0.000889801505817933,0.001650093673439977,0.0009181191360169724,0.0049868548498685486,0.00024310544858490064,0.0015917152285695537,-6.442943084086922
DelayDiscountingTitrated-2106-1,643.0,485.0,477.0,399.0,237.0,1.0,373.6666666666667,0.07931570762052877,0.035395189003436425,0.006091311437223387,0.004126755244275071,0.001764059880931738,0.18246575342465754,0.05152646276850883,-2.9656597631178783
DelayDiscountingTitrated-1091-1,127.0,323.0,529.0,115.0,331.0,331.0,292.6666666666667,0.9820022497187851,0.06986584107327141,0.0049464398235664776,0.021083978558665874,0.0011074783760294665,0.00036915945867648886,0.1798958578348325,-1.715377163111
DelayDiscountingTitrated-1029-1,375.0,817.0,393.0,805.0,623.0,671.0,614.0,0.23809523809523808,0.007466340269277846,0.008580718122702856,0.0006636603420403301,0.0003315816090943073,8.955487958407339e-05,0.042537848886322914,-3.1573610373357264
DelayDiscountingTitrated Backup1-3115-1,986.0,899.0,751.0,299.0,251.0,199.0,564.1666666666666,0.002028397565922921,0.0037449017426770485,0.001841988459831336,0.006423237274934714,0.0016351034219287235,0.0007351827631307222,0.002734801871404244,-5.901696287631961
DelayDiscountingTitrated-3122-1,869.0,749.0,165.0,321.0,99.0,81.0,380.6666666666667,0.02153542659871774,0.011170449488206497,0.028114478114478113,0.005795246020569283,0.0049868548498685486,0.00207227013924122,0.012279120868513566,-4.399854949337788
DelayDiscountingTitrated-2122-1,986.0,571.0,317.0,369.0,38.0,4.0,380.8333333333333,0.002028397565922921,0.025043782837127847,0.011969856291622854,0.0046850057541671306,0.013871665465032445,0.04547945205479452,0.017179693328111287,-4.0640272131027375
DelayDiscountingTitrated Backup1-3094-1,999.0,998.0,391.0,581.0,93.0,99.0,526.8333333333334,0.000143000143000143,6.68002672010688e-05,0.00865302642796249,0.0019758093037512085,0.005343938724407129,0.001662284949956183,0.002974143302713037,-5.817799246929172
DelayDiscountingTitrated Backup1-3069-1,789.0,497.0,499.0,799.0,399.0,99.0,513.6666666666666,0.038203874705775846,0.03373574782025486,0.005577822311289245,0.0006892176864916762,0.0008253510488550142,0.001662284949956183,0.013449049753770469,-4.308846825707426
DelayDiscountingTitrated-1110-1,999.0,999.0,595.0,13.0,9.0,34.0,441.5,0.000143000143000143,3.33667000333667e-05,0.003781512605042017,0.20800842992623814,0.060334855403348556,0.005189363416599517,0.046248421365710286,-3.0737279482395254
DelayDiscountingTitrated-2087-1,999.0,899.0,169.0,895.0,399.0,97.0,576.3333333333334,0.000143000143000143,0.0037449017426770485,0.027317554240631165,0.0003214203719292875,0.0008253510488550142,0.0017003248128795367,0.005675425393328698,-5.171609759247106
DelayDiscountingTitrated-1088-1,927.0,451.0,25.0,1.0,105.0,1.0,251.66666666666666,0.01124980736631222,0.04057649667405765,0.21666666666666667,2.736986301369863,0.00467058056099152,0.18246575342465754,0.5321026010104248,-0.6309189491932551
DelayDiscountingTitrated-2047-1,999.0,999.0,199.0,998.0,951.0,1.0,691.1666666666666,0.000143000143000143,3.33667000333667e-05,0.02236180904522613,5.490432920635792e-06,2.823271826339974e-05,0.18246575342465754,0.0341729420773502,-3.376321115380564
DelayDiscountingTitrated-2002-1,989.0,799.0,399.0,601.0,451.0,599.0,639.6666666666666,0.0015889065434060378,0.008385481852315394,0.008368142578668894,0.0018188863310008433,0.0006670109042310846,0.00012227380489552602,0.003491783669086297,-5.657342593357266
DelayDiscountingTitrated-3047-1,799.0,998.0,901.0,62.0,251.0,69.0,513.3333333333334,0.03593777936706598,6.68002672010688e-05,0.0006104328523862375,0.041449403446752096,0.0016351034219287235,0.0024644298855138642,0.013693991540141328,-4.290798116061949
DelayDiscountingTitrated-3002-1,497.0,889.0,425.0,199.0,815.0,199.0,504.0,0.14458177637252084,0.004161979752530934,0.007516339869281046,0.011027741446960832,0.00012438020001680813,0.0007351827631307222,0.028024566734073535,-3.574673770122955
DelayDiscountingTitrated-1030-1,93.0,151.0,599.0,245.0,309.0,893.0,381.6666666666667,1.3932411674347158,0.18741721854304635,0.00371916156557225,0.008442829186469108,0.0012253402491466065,2.1885082861627985e-05,0.2656779336769686,-1.3254704794319643
DelayDiscountingTitrated-1075-1,999.0,193.0,1.0,14.0,1.0,1.0,201.5,0.000143000143000143,0.1393782383419689,5.55,0.1929549902152642,0.5473972602739726,0.18246575342465754,1.1020565403998104,0.09717801649242751
DelayDiscountingTitrated Backup1-2011-1,949.0,749.0,689.0,675.0,679.0,687.0,738.0,0.007677254252596718,0.011170449488206497,0.002507660054829866,0.0013191273465246068,0.0002590433151088426,8.321535629066885e-05,0.0038361249689261995,-5.563292544565057
